date,open,high,low,close,volume
2019-01-01,621.9,630.2,621.9,627.3,12179223
2019-01-02,623,628.5,617.5,620.05,12386281
2019-01-03,621.4,622,603.65,607.95,13228602
2019-01-04,612,624.75,609.5,619.6,8381367
2019-01-07,626,640.7,624.2,637.45,11735286
2019-01-08,636,653.75,630.6,650.9,11879875
2019-01-09,652.35,672.05,652.35,670.1,18003387
2019-01-10,668.9,668.9,654.6,663.25,12751327
2019-01-11,665,668.5,658.2,666.5,8330315
2019-01-14,663,663,652.55,659.2,6856244
2019-01-15,661.3,664.25,655.05,660.6,5467484
2019-01-16,660.7,670.4,660.7,664,6598151
2019-01-17,669.9,680,665.6,676.65,10448209
2019-01-18,674.9,676.05,661.45,664.6,7037386
2019-01-21,661.55,664.5,656.5,660.3,6157956
2019-01-22,656.35,663.6,653.85,661.6,7951640
2019-01-23,659.5,667,658.6,661.6,7596006
2019-01-24,665,665.55,655,663.65,7013582
2019-01-25,665.2,676.85,665.2,669.75,6628922
2019-01-28,669,674.45,650.35,656.3,7792690
2019-01-29,658.5,671,649.55,660.75,8302420
2019-01-30,687.05,703.35,683.75,690.95,46912230
2019-01-31,697.25,726.85,689.05,722.7,35239544
2019-02-01,720.75,726.4,705.4,717.25,13792059
2019-02-04,711.3,724.5,708,720.5,8195956
2019-02-05,722,731.6,719.5,729.5,8665426
2019-02-06,731.3,734.5,715.6,725.75,8077340
2019-02-07,726.25,733.8,724,730.15,7203465
2019-02-08,727,732.8,716.25,719.4,7341956
2019-02-11,719.9,719.9,705.3,710.85,7234953
2019-02-12,701,713.4,700,705.6,15856819
2019-02-13,700,707.45,695.05,697.5,11399689
2019-02-14,706,706.4,692.6,695,10383603
2019-02-15,700,704,681.7,686.6,10866440
2019-02-18,686,697.7,680.7,693.3,7135564
2019-02-19,693.3,705.4,689.65,693.05,6816325
2019-02-20,697.6,703,695.3,700.35,5772687
2019-02-21,700.5,706.5,695.1,697.2,6674353
2019-02-22,697.45,704.45,691.2,702.05,9822278
2019-02-25,702.9,705.8,696.1,703.7,11428024
2019-02-26,694,715.6,693.05,710.15,9166951
2019-02-27,714.95,727.8,713.05,718.2,13284424
2019-02-28,723.45,723.45,706.4,709.55,26230891
2019-03-01,713.5,714.95,699.55,702.4,7713824
2019-03-04,702.4,702.4,702.4,702.4,0
2019-03-05,705.7,733.9,700.7,732.05,11298428
2019-03-06,733.9,733.9,712.55,720.6,10510670
2019-03-07,720.75,739.45,720.75,733.75,11263734
2019-03-08,732,737.25,728.4,733.4,7744794
2019-03-11,733.3,744.9,730.6,734.5,9421608
2019-03-12,738.7,749,738.55,742.55,8131901
2019-03-13,743.6,751,736.5,738,12333789
2019-03-14,740,749.7,737.4,740.6,7100875
2019-03-15,742.95,748.95,731.7,735.1,14560368
2019-03-18,741,753.85,740.25,747,8067253
2019-03-19,755,763,749.05,760.9,8818172
2019-03-20,760.75,767,754.35,755.75,9758274
2019-03-21,755.75,755.75,755.75,755.75,0
2019-03-22,764.7,765.9,735.55,757.05,10355078
2019-03-25,752.7,755,741.15,745.7,7130411
2019-03-26,747.4,760.95,741.65,757.1,7300104
2019-03-27,761.3,770,755.85,759.3,7456768
2019-03-28,761.1,787.65,757.15,780.7,16643818
2019-03-29,777,781.35,767.6,777.25,9661906
2019-04-01,780.95,783,760.6,765.6,6021202
2019-04-02,769.15,774.95,761,767.4,6592678
2019-04-03,770,772.75,758.7,761.5,5591613
2019-04-04,763,771.9,760,762.15,7009879
2019-04-05,763.95,768.75,756.1,762.2,5343947
2019-04-08,764.3,768,748.55,754.6,4918795
2019-04-09,755,766,751,763.4,5483424
2019-04-10,761.25,767.9,758,760.85,5933250
2019-04-11,760.5,761.35,747,752.3,5365803
2019-04-12,753.4,766.75,751.6,764.35,4671869
2019-04-15,764,770.2,760,762.85,3707106
2019-04-16,765.1,776,765.1,771.1,7088601
2019-04-17,771.1,771.1,771.1,771.1,0
2019-04-18,778.4,779,769,771.2,6098041
2019-04-19,771.2,771.2,771.2,771.2,0
2019-04-22,768.9,768.9,750.55,755.5,4185156
2019-04-23,757.45,759.3,749,753.25,5098170
2019-04-24,754.7,755.7,738.35,752.85,7825049
2019-04-25,754,758.55,738.55,740.9,10282068
2019-04-26,762,765.15,747.25,759.9,23294204
2019-04-29,759.9,759.9,759.9,759.9,0
2019-04-30,759.95,769.7,755.8,766.85,12434805
2019-05-01,766.85,766.85,766.85,766.85,0
2019-05-02,765.4,767.8,748.05,752.35,7033021
2019-05-03,754.15,763.8,753.45,757.3,5970814
2019-05-06,746,753.4,744.1,747.45,5909936
2019-05-07,751.85,755.5,740,741.85,5071941
2019-05-08,741.9,744.75,733.35,735.5,6739894
2019-05-09,733.9,740.5,729.4,731,4193451
2019-05-10,734.4,738.5,729.5,735.05,3913815
2019-05-13,734,742.85,730,732.1,5891071
2019-05-14,729.4,738.5,722.5,731.35,7049134
2019-05-15,735.8,737.7,716.1,721.95,4849130
2019-05-16,720.95,735,718.7,731.85,5142617
2019-05-17,731.8,752.15,727.2,748.95,9072242
2019-05-20,760.2,790.65,760.2,782.4,15866697
2019-05-21,789.7,791.8,771.05,772.95,9251548
2019-05-22,774.8,784,770.2,779.15,5928186
2019-05-23,788,804.3,770.6,776.4,14776218
2019-05-24,779.45,795.9,778.5,793.2,9323114
2019-05-27,794,816.4,787.2,813.9,9128216
2019-05-28,816.3,822.1,801,808.4,13473187
2019-05-29,806.75,813,802.1,804.7,5958128
2019-05-30,803.25,814.2,803.25,807.55,6414384
2019-05-31,811,818.7,793.2,808.3,11140585
2019-06-03,813.55,814.65,803.1,812.65,6427567
2019-06-04,807.55,827.75,805.5,822.8,9515354
2019-06-05,822.8,822.8,822.8,822.8,0
2019-06-06,824,825.95,805.8,807.7,14728937
2019-06-07,811.1,813.25,801.3,804,6884094
2019-06-10,807.4,816.75,807.4,814.15,5923875
2019-06-11,817.15,821.45,807,814.8,5471529
2019-06-12,814.05,815.75,809.1,813.55,4707478
2019-06-13,811.25,823.4,810.75,820.15,9056584
2019-06-14,820.1,823.1,797.45,801.2,8919370
2019-06-17,800.1,801,775.1,777.7,10151212
2019-06-18,781.95,784.85,770.1,775.75,8347632
2019-06-19,780.8,789,763.35,770.7,6411258
2019-06-20,772,775.45,758.85,771.4,9190732
2019-06-21,774.75,778.25,762.8,771.05,12610688
2019-06-24,771,775.25,761,762.85,4866859
2019-06-25,761.25,783,756.55,781.65,10044436
2019-06-26,782.9,792,781.7,788.6,8715757
2019-06-27,788.95,806.85,781.6,800.45,18439210
2019-06-28,801.15,812.9,793.3,808.55,9174348
2019-07-01,810.75,819,807.45,810.45,5896530
2019-07-02,811.1,812.55,800.75,802.6,7549027
2019-07-03,802.65,811.5,801.5,806.2,5535230
2019-07-04,810,813.2,804.3,808.85,5553273
2019-07-05,808,812.95,801.3,806.1,5871202
2019-07-08,802,803.65,778.65,782.9,7485169
2019-07-09,778.5,788.8,776.4,786.2,6448920
2019-07-10,786.65,790,764.55,769.25,5814417
2019-07-11,773.5,773.5,763,766.4,7111401
2019-07-12,766.1,768.6,751,755.8,8552548
2019-07-15,757.25,759.65,744,749.75,6350785
2019-07-16,750,763.2,747.55,761.05,6170479
2019-07-17,763.1,765.55,750.05,752.6,5757193
2019-07-18,754,755,734.6,740.4,11283488
2019-07-19,743.55,746.8,723.3,729.25,8091007
2019-07-22,730,738.5,720,727.45,7020071
2019-07-23,732.9,739.3,726.1,728,7048354
2019-07-24,728,732.8,709.35,712.3,6618279
2019-07-25,711.2,726.25,706.35,723.15,9972204
2019-07-26,723.55,732,719.2,729.85,5450010
2019-07-29,736.2,740,710,720.25,10314136
2019-07-30,725.95,728,701,707.6,14100900
2019-07-31,694,694.9,657.8,674.1,55836793
2019-08-01,673.95,680.75,662.65,669.3,17001210
2019-08-02,667.4,681.65,661.6,673.85,14426295
2019-08-05,665.5,669.35,650.2,662.45,13042504
2019-08-06,658.7,682.85,654,679,12419831
2019-08-07,679,679.5,654.25,659.95,10486156
2019-08-08,660.6,664.3,643.2,660.1,17563795
2019-08-09,664.2,675.95,660,660.8,9289628
2019-08-12,660.8,660.8,660.8,660.8,0
2019-08-13,662.2,668.7,645,649.45,7389394
2019-08-14,652.8,669.45,652,663.2,7148518
2019-08-15,663.2,663.2,663.2,663.2,0
2019-08-16,664,678,656.85,675.65,7040117
2019-08-19,678.8,689,676.35,685,9082914
2019-08-20,685.15,685.2,669.5,672.35,7602499
2019-08-21,674,674.15,659.65,664.7,7892687
2019-08-22,665,669.85,657.75,661.15,9262172
2019-08-23,659.75,671.55,645.25,663.9,7775604
2019-08-26,677.25,686.65,660.55,683.7,8864341
2019-08-27,697,697.55,680.5,682.95,12015623
2019-08-28,685.1,689.35,673.5,678.2,5677087
2019-08-29,674,676.75,658.9,661.15,8753540
2019-08-30,664.9,668.6,640.1,663.9,17115901
2019-09-02,663.9,663.9,663.9,663.9,0
2019-09-03,658.8,658.8,641.45,645.7,8461431
2019-09-04,644.2,653,638.6,647.3,10786466
2019-09-05,652,659.75,644.05,649.6,8108303
2019-09-06,653.1,672.75,653.1,671.1,11101456
2019-09-09,667.65,675.8,662.75,671.55,5607331
2019-09-10,671.55,671.55,671.55,671.55,0
2019-09-11,674.55,683.5,671,681.7,5966906
2019-09-12,680.1,681.65,660.55,662.9,8087081
2019-09-13,663.55,675.4,657.05,674.25,12105997
2019-09-16,666.6,674.4,664.95,670.9,7659588
2019-09-17,667,668.3,638.05,640.45,17297040
2019-09-18,645.5,654.5,641.55,648.4,9702162
2019-09-19,648.2,650,632.6,638.2,9554331
2019-09-20,641.05,689.45,622.65,680.35,38862975
2019-09-23,703.9,732,695.85,725.5,31417887
2019-09-24,728.25,733.25,702.25,704.4,15683656
2019-09-25,702,703.45,683.65,694.95,17058681
2019-09-26,686.6,719.65,686.55,699.9,15007372
2019-09-27,700.2,707.95,692.5,700.6,10245068
2019-09-30,704.05,712.4,682.1,685,20073726
2019-10-01,687.1,701.25,656.25,679.15,49442205
2019-10-02,679.15,679.15,679.15,679.15,0
2019-10-03,675,675.9,646.7,668.4,17615854
2019-10-04,669.9,677.4,651.4,656.4,15317105
2019-10-07,660.95,681.9,651.7,673.45,21554138
2019-10-08,673.45,673.45,673.45,673.45,0
2019-10-09,671.9,689.5,664.3,686.3,11537721
2019-10-10,680,684.3,665.35,672.95,8679981
2019-10-11,676.55,686,668.3,672.7,11042828
2019-10-14,677.8,693.95,673.35,683.5,11099352
2019-10-15,682.6,694.85,681.3,690.05,9260732
2019-10-16,693.4,695.4,683.55,693.4,10404705
2019-10-17,690.5,712.4,690.5,710.3,10617761
2019-10-18,709.85,715.7,705.25,709.55,9500635
2019-10-21,709.55,709.55,709.55,709.55,0
2019-10-22,712.4,723,703.3,712.75,9704016
2019-10-23,718,730,710.05,714.85,16158781
2019-10-24,719.95,723,701.55,707.7,8986203
2019-10-25,708,711,695,708.6,8226456
2019-10-27,711,715.05,708.55,710.1,965647
2019-10-28,708.6,708.6,708.6,708.6,0
2019-10-29,706.5,742.9,704.25,738.45,10422117
2019-10-30,745,749.9,735.5,747.4,10188947
2019-10-31,748,750,732.05,736.35,8775411
2019-11-01,736,750,728.1,748.3,8484197
2019-11-04,754.95,754.95,735.55,742.6,7851370
2019-11-05,741.8,745.6,730.6,738.05,7306253
2019-11-06,736.95,750.9,728.75,747.25,7821243
2019-11-07,750,756,732.5,734.75,9871570
2019-11-08,735.9,735.9,722.8,725.5,7427196
2019-11-11,723.4,735.5,721.2,733.7,6355142
2019-11-12,733.7,733.7,733.7,733.7,0
2019-11-13,733.7,737.4,707.85,711.2,9290616
2019-11-14,711,721.8,707.25,715.9,8000528
2019-11-15,716.75,723.5,710.6,716.9,9315652
2019-11-18,717.8,725.5,712.2,722.95,7907958
2019-11-19,725,750.2,725,747.8,14424251
2019-11-20,748,753.85,741.25,748.75,8798051
2019-11-21,749,749,734.3,737.4,5529542
2019-11-22,737.4,740,727.5,732.1,4889776
2019-11-25,731.95,756.8,730,754.75,6888402
2019-11-26,756.8,762,744,752.25,14624880
2019-11-27,755,763.75,748.4,752.9,8436862
2019-11-28,752.3,755.65,745.75,750.6,9235443
2019-11-29,749.9,756.35,736.5,739.05,12674173
2019-12-02,739.25,746,737.35,744.3,8285491
2019-12-03,744.95,744.95,730.65,733.4,5408215
2019-12-04,732.85,747,729.3,739.85,8016237
2019-12-05,743,745,725.3,729.25,8151690
2019-12-06,732.8,735.25,715,717.6,7458610
2019-12-09,713.45,733.9,710,732,8977174
2019-12-10,731,734.8,714,715.7,7625748
2019-12-11,711.5,722.4,709.05,716.55,8266375
2019-12-12,719,725.3,715.15,722.1,5519774
2019-12-13,725.6,754.85,725,752,14834140
2019-12-16,752.25,754.7,746.2,747.25,7286003
2019-12-17,747.6,756.5,741.35,745.65,9788065
2019-12-18,745.8,748.55,737.6,741.85,6678420
2019-12-19,743.1,750,740.65,742.55,8400708
2019-12-20,744.7,747,737.3,739.85,7019925
2019-12-23,736.9,748.6,735,743.15,10250382
2019-12-24,744.5,744.7,737.8,740.65,3642916
2019-12-25,740.65,740.65,740.65,740.65,0
2019-12-26,737.5,740.65,733.9,736.5,7919368
2019-12-27,739,762,736.3,760.15,10736285
2019-12-30,760.9,765.75,751.05,754.1,10034206
2019-12-31,753.85,765.85,751.4,754.1,11660781
2020-01-01,754.9,759.95,747.2,748.7,4917748
2020-01-02,750,759,747.6,756.95,5156046
2020-01-03,753.15,756.25,740.5,742.95,8489729
2020-01-06,739.45,739.6,721.7,723.25,6356198
2020-01-07,728,738,721.05,725.75,9103360
2020-01-08,715.25,725.75,709.1,724.5,8973215
2020-01-09,733.55,745,731,742.85,7559853
2020-01-10,743,751.8,734.8,740.05,8550490
2020-01-13,740,746.75,735.35,737.4,6423758
2020-01-14,740,751.4,734.2,747.9,7237665
2020-01-15,747.05,749,738,746.3,7911661
2020-01-16,746.5,750.4,735.1,737.3,6487613
2020-01-17,734.85,742.45,730.85,739.9,7678864
2020-01-20,742.95,746.2,725,727.2,10677371
2020-01-21,726.35,729.6,716.05,717.6,8242803
2020-01-22,717,722.75,706.6,712.6,13321307
2020-01-23,725.05,737.55,719.4,723,20643257
2020-01-24,723.4,741.7,720.4,737.4,9541490
2020-01-27,732.45,748.45,731,740.25,9170435
2020-01-28,738.4,746.5,735,737.15,7836737
2020-01-29,740,745.5,733.55,735.25,7985274
2020-01-30,735.75,736.4,727.3,730.9,6041343
2020-01-31,734.7,737.25,725.2,729.3,8345819
2020-02-01,728.55,734.35,702,705.45,7341770
2020-02-03,704.7,712.8,695.55,708.95,11594991
2020-02-04,712.45,720.6,710,715,9653925
2020-02-05,719.45,725.65,715.2,724.05,7975101
2020-02-06,727.45,745,723,736.95,9627252
2020-02-07,736.7,749.2,734,748.15,8438354
2020-02-10,746.3,746.8,739,741.1,4713339
2020-02-11,743,757.1,742,749.95,7845657
2020-02-12,752,760.7,751,755.25,6190440
2020-02-13,751.1,753.45,742.3,747.8,5031706
2020-02-14,748.1,752.55,732.1,736.5,6155000
2020-02-17,737.4,743.1,730.2,738.4,4275465
2020-02-18,737.75,737.75,724.7,733.65,5215502
2020-02-19,740.65,745.1,735.35,741.05,4372673
2020-02-20,742.75,754,737.6,744.3,7529403
2020-02-21,744.3,744.3,744.3,744.3,0
2020-02-24,737.95,738.4,723,725.45,6589087
2020-02-25,729.4,732,722.05,728.75,5419596
2020-02-26,725.3,735.75,722,729.4,7136975
2020-02-27,728.7,739.45,716.55,735.85,8867328
2020-02-28,718.9,724.7,691,697.3,16428944
2020-03-02,709.3,713.25,675.3,684.2,13854352
2020-03-03,689.9,695.8,675,687.15,11198145
2020-03-04,690,696,668.3,682.2,14802724
2020-03-05,686.5,694,675.25,677.9,10508008
2020-03-06,650,660.8,641.05,657.65,12969235
2020-03-09,639,641.85,615.1,623.55,14336369
2020-03-10,623.55,623.55,623.55,623.55,0
2020-03-11,613.65,634.4,612.1,619.35,11021433
2020-03-12,592,594,528.15,543.25,29369378
2020-03-13,516.95,585.65,451.1,568.8,25599305
2020-03-16,542.35,545,502.35,508.6,21542970
2020-03-17,515.15,531.3,477.45,488.35,20590414
2020-03-18,490,506.05,392.1,473.45,36240904
2020-03-19,441.05,464.95,423.75,428.25,33243997
2020-03-20,431.4,449.7,414.2,428.15,30764236
2020-03-23,385.35,392,302,308.65,37622635
2020-03-24,331.95,337.5,291,303.15,50681510
2020-03-25,293.5,363.75,286,326.8,51993973
2020-03-26,335.95,399,332,341.4,62971564
2020-03-27,370,409.45,354.05,359.75,71042591
2020-03-30,345,382,340.35,368.15,61772544
2020-03-31,384.4,389.8,372.65,379,34637148
2020-04-01,376.25,379.8,354,358.65,27744593
2020-04-02,358.65,358.65,358.65,358.65,0
2020-04-03,360.2,362.3,324,325.45,41317365
2020-04-06,325.45,325.45,325.45,325.45,0
2020-04-07,347.4,405.75,342.35,388.85,48093237
2020-04-08,383.75,427.7,373.5,391.35,64930598
2020-04-09,405,423,398.65,420.15,44090546
2020-04-10,420.15,420.15,420.15,420.15,0
2020-04-13,417.95,427.9,402,418.95,33431643
2020-04-14,418.95,418.95,418.95,418.95,0
2020-04-15,434,451.65,412.45,417.3,48315019
2020-04-16,408.6,427,400.7,422.55,42344330
2020-04-17,450,485.9,432.4,478.8,47831797
2020-04-20,482,483.45,451.25,455.95,42163627
2020-04-21,436,439.95,412.95,420.65,33572119
2020-04-22,418.55,434.55,412,431.15,36619611
2020-04-23,434.6,439.85,426.05,430.05,29418000
2020-04-24,416,419.65,401.25,403.95,35773252
2020-04-27,415,429.5,409.1,427.3,35986805
2020-04-28,438,458.4,435.25,455.45,43938246
2020-04-29,430.75,448.85,425.95,439.1,61499689
2020-04-30,451,461.9,440.4,444.9,40382553
2020-05-01,444.9,444.9,444.9,444.9,0
2020-05-04,424,424,399.7,402.8,37853978
2020-05-05,414,418.75,386.5,389,50981056
2020-05-06,385,394.45,368.05,388.85,67511628
2020-05-07,387,402.25,382.7,397.35,41339309
2020-05-08,403.5,409.45,379.65,382.05,33505509
2020-05-11,391,393.5,376.85,379.55,30141935
2020-05-12,376.3,391.8,370,386.85,38411107
2020-05-13,411,416.45,399.6,414,48206058
2020-05-14,405.05,411,397.65,401.95,31604212
2020-05-15,402.75,403.9,386.8,388.55,25435025
2020-05-18,389,389,352.3,358.8,47864748
2020-05-19,368.8,372.5,350.1,354.5,42889678
2020-05-20,353,366.3,350,362.5,30720803
2020-05-21,363,369,355.7,357.2,24794914
2020-05-22,352.1,359.75,332.85,336.95,48367892
2020-05-25,336.95,336.95,336.95,336.95,0
2020-05-26,342,347.7,336.35,341.3,30692834
2020-05-27,346.1,392.45,341.5,387,72430787
2020-05-28,390,407.65,387,390.95,72693713
2020-05-29,382,389.25,375.35,384.95,51056390
2020-06-01,394.3,409.5,392.55,396.95,44252980
2020-06-02,398,415,391.55,410.1,37508638
2020-06-03,422,432,405.25,409.55,49055899
2020-06-04,407.6,413.9,391.55,394.35,45553578
2020-06-05,399,409.9,390.5,405.3,39002875
2020-06-08,415,444.75,414,430.25,60387580
2020-06-09,434.95,442.5,416.5,420.05,46273705
2020-06-10,422.2,432.7,415.3,427.45,36163051
2020-06-11,426.5,435.55,408.7,413.45,45562670
2020-06-12,390,412.5,389.15,408,47813512
2020-06-15,405.95,405.95,383.65,389.6,39577100
2020-06-16,404.9,405,360.4,381.55,96186227
2020-06-17,377.45,397.75,375.3,389.6,56949066
2020-06-18,386,408.05,384,405.4,43773580
2020-06-19,407.5,422.3,407.5,417.05,52085319
2020-06-22,420,435.9,418.1,430.15,40454004
2020-06-23,430.5,445,430.4,443.65,30757220
2020-06-24,448,448.5,422.2,424.65,33577082
2020-06-25,419,428.7,410.35,421.7,49853200
2020-06-26,426,428.75,418,424.85,32610915
2020-06-29,415,415.8,402.35,404.8,36319455
2020-06-30,410,414.8,404.05,406.65,26951915
2020-07-01,410,437.35,406.65,433.25,53380512
2020-07-02,441,441.5,421.3,423.2,50362770
2020-07-03,430,431.6,423.65,428.45,31044457
2020-07-06,434.15,437.6,431.1,434,18424079
2020-07-07,433.5,449,426.2,447.35,37991679
2020-07-08,450,461.4,441,444.15,45877067
2020-07-09,447.85,457,446.05,453.75,29162679
2020-07-10,449.9,451.45,437,439.6,25676354
2020-07-13,443.95,446.4,432.75,440.05,21326370
2020-07-14,434.9,435.8,415.4,417.7,25685579
2020-07-15,424,444.45,422.75,426.65,43250557
2020-07-16,431.95,436.15,418.45,434,30183647
2020-07-17,434,439.9,424.6,433.1,33464985
2020-07-20,437.7,442.8,429.3,434,30400586
2020-07-21,440,451,438.5,446.2,43147019
2020-07-22,478,484.6,460.1,478.95,89611937
2020-07-23,472.95,474.75,459.2,460.85,40249567
2020-07-24,456.6,456.6,441.55,445.6,30566635
2020-07-27,447,448,429.9,431.55,21924237
2020-07-28,434,440,424.4,437.05,33057573
2020-07-29,435.75,447,434.3,440.9,24404819
2020-07-30,441.9,445.9,424.75,425.85,26861618
2020-07-31,429,434.45,421.3,431.65,27499638
2020-08-03,431.6,431.9,415.7,417.35,23824107
2020-08-04,421.85,431.2,417.35,429.15,24746211
2020-08-05,439,446.85,433.15,434.95,36932321
2020-08-06,436,438.3,427.1,433,33465135
2020-08-07,431.45,437,427.15,433.3,15569399
2020-08-10,434,437,429.3,431.1,14888044
2020-08-11,435.3,449.9,435.3,448,30469633
2020-08-12,444.8,452.75,438.95,451.1,23184137
2020-08-13,454.1,456.75,445.35,448.1,21885850
2020-08-14,451.5,451.5,425.6,435.85,36725538
2020-08-17,439.1,441,425.35,438.15,30198343
2020-08-18,439.5,447.25,435.3,445.8,21768516
2020-08-19,446,451.95,442.45,444.2,18127671
2020-08-20,437.9,441.3,433.25,434.95,16688938
2020-08-21,440,444.85,436.25,440.45,25087973
2020-08-24,444,449.45,442.3,445.8,18196776
2020-08-25,450.95,456.4,447.1,451.8,26273592
2020-08-26,452,464.8,449,463.35,25914508
2020-08-27,464,474.5,464,473.05,19544214
2020-08-28,476.45,513,476.05,509.2,59179945
2020-08-31,524.45,533.85,486.3,496.75,55830536
2020-09-01,495.05,503.4,479.65,485.7,33276725
2020-09-02,487,487.95,472.1,484.4,20750575
2020-09-03,488.4,489.95,473.1,474.95,14045705
2020-09-04,469,472.95,452.6,455.2,29405304
2020-09-07,457,467.15,450.65,458.7,25967554
2020-09-08,459.8,462.4,441.25,444.35,21052285
2020-09-09,439.9,443.35,425,431.25,31657672
2020-09-10,436.45,448.7,430.75,446.85,34434841
2020-09-11,446,449.85,439.25,447.2,18620781
2020-09-14,452,455,438,440.55,17622727
2020-09-15,441.05,451.9,435.9,449.55,17328721
2020-09-16,449.55,450.6,440,446,20016188
2020-09-17,440.95,446.45,438.5,442.9,14306232
2020-09-18,444.55,449.3,436.05,443.35,20809690
2020-09-21,443,444,420.55,423.35,19013877
2020-09-22,424,426.65,406.3,412,27558176
2020-09-23,418.1,422.9,406.1,419.75,18612700
2020-09-24,414,414.3,401.15,402.45,21177182
2020-09-25,407.5,416.7,400.15,415.05,20460096
2020-09-28,420,440.6,418.05,439.25,19387091
2020-09-29,442.4,443.3,424.8,426.85,19996904
2020-09-30,427,428.1,418.75,424.65,18485278
2020-10-01,430.2,445.3,427.4,443.7,21083211
2020-10-02,443.7,443.7,443.7,443.7,0
2020-10-05,444.05,456.45,439.05,444.15,24252318
2020-10-06,449.5,452.7,442.7,449.65,19387351
2020-10-07,447,455.95,443.5,453.1,19873734
2020-10-08,455.55,461.65,447.25,451.9,20909290
2020-10-09,453.3,469.8,450.15,468.05,28048230
2020-10-12,473.5,480,462.3,468,21261504
2020-10-13,465.9,473,459.75,461.35,15582492
2020-10-14,458,474.65,454,471.3,13984621
2020-10-15,473.4,481.95,460,462.6,28971494
2020-10-16,465.15,475.5,463,472.4,16288157
2020-10-19,477.05,495.9,476.25,492.95,28131936
2020-10-20,485.85,498.65,485.1,493.95,21376064
2020-10-21,496.9,507.5,486.6,501.45,27029535
2020-10-22,496,513,495.65,510.3,30022336
2020-10-23,513.9,515.5,504.5,507.2,18810262
2020-10-26,508.25,509.85,490.9,493.35,17446937
2020-10-27,494,512.25,482.65,508.1,24239860
2020-10-28,510.8,517.5,493.5,504.7,30343575
2020-10-29,506,516.35,489.35,493.85,50934336
2020-10-30,495,501.55,481.6,492.5,23140833
2020-11-02,496.85,531.7,495.1,522.65,37597227
2020-11-03,525,537,524,534.15,25991938
2020-11-04,525.1,533.85,511,525.15,28905623
2020-11-05,534.9,542.5,527.55,539.3,23728389
2020-11-06,538.75,546,531.2,541.75,22256961
2020-11-09,550,568,548.25,565.05,26041462
2020-11-10,572,588,568.25,583.6,34935409
2020-11-11,579.85,611.15,576.4,608.65,50289937
2020-11-12,601.95,610.45,588.8,599.7,34244439
2020-11-13,595,612.35,584.3,610.35,28813262
2020-11-14,613.95,618,605.55,613.15,3211214
2020-11-16,610.35,610.35,610.35,610.35,0
2020-11-17,613.15,630.9,609,628.8,25960060
2020-11-18,625,640,622.05,636.3,24928180
2020-11-19,619,633,609.05,611.5,26525371
2020-11-20,615,616.5,592,607.85,29556191
2020-11-23,610.95,612.6,592.7,595.6,23728765
2020-11-24,603,622.6,600.55,619.65,30742369
2020-11-25,625,630,596,599.85,35115637
2020-11-26,602.25,618.2,594.05,612.55,35476456
2020-11-27,612,613.65,598.75,601.6,29921076
2020-11-30,601.6,601.6,601.6,601.6,0
2020-12-01,611,615,596.2,603.65,21285697
2020-12-02,607,613.5,601.25,608.1,19070722
2020-12-03,610.15,611,600.35,602.7,17746316
2020-12-04,606.6,616.45,603.2,614.5,20019707
2020-12-07,616.95,624.4,612.45,619.25,24658169
2020-12-08,619.1,623.85,611.6,620.65,16005349
2020-12-09,619.15,636.7,619,634.2,22000284
2020-12-10,624.5,632.45,620.35,627.05,16126862
2020-12-11,626.35,631.65,608.35,613.25,17950692
2020-12-14,616,623.8,612.4,615.9,14567480
2020-12-15,615.75,615.75,602.3,607.1,22311290
2020-12-16,613.55,614.9,604.8,606.1,14860853
2020-12-17,607.25,611,603.2,605.4,14598759
2020-12-18,604.4,611,596.5,609.5,17301814
2020-12-21,605.25,607.25,573.4,582.5,18580262
2020-12-22,585,593.95,568.4,589.75,19896386
2020-12-23,589,594.5,584.3,592.45,12247401
2020-12-24,595,614,594.15,610.2,15488083
2020-12-25,610.2,610.2,610.2,610.2,0
2020-12-28,614,620.8,614,617.65,8444506
2020-12-29,620.7,632.4,618.6,630.2,13765454
2020-12-30,632.25,634,618.2,625.1,10262221
2020-12-31,622.4,625.95,616,620.45,12306502
2021-01-01,620.25,625.45,617.55,623.8,6047062
2021-01-04,627.8,633,621.3,624.7,14068156
2021-01-05,618,667.9,618,664.45,37973963
2021-01-06,662,667.15,649.15,654.25,20829645
2021-01-07,659,676.5,659,671.1,17887570
2021-01-08,678,678.85,668.5,672.7,12272794
2021-01-11,676,676.65,660.15,666.95,7928365
2021-01-12,661.3,685,659.25,675.7,13301893
2021-01-13,676,691.2,669.05,687.8,15645903
2021-01-14,678.5,687.8,674.65,676,9337503
2021-01-15,677.6,682.95,669.6,674.85,12339771
2021-01-18,674.45,675,651.15,657,13460603
2021-01-19,663.55,671.95,659.75,668.75,9010539
2021-01-20,664,680.95,664,675.75,9980614
2021-01-21,680.75,695,669.75,675.85,15849438
2021-01-22,670,673.9,638.8,644.5,21392223
2021-01-25,654,668,639.35,658.4,21325345
2021-01-26,658.4,658.4,658.4,658.4,0
2021-01-27,659.95,663.8,627.4,632.1,24462588
2021-01-28,622,674.7,616,670.7,64303975
2021-01-29,671,675.85,653,662.9,31273252
2021-02-01,665,717,654.35,709.35,30648270
2021-02-02,719.25,744.95,704.2,714.2,28703320
2021-02-03,720,736.8,715.55,733.8,23541361
2021-02-04,730,745.5,720.6,743.9,20490289
2021-02-05,749,766.3,717,719.6,31121503
2021-02-08,726,747.8,726,736.15,15662890
2021-02-09,735.75,750,726.2,742.5,22307807
2021-02-10,741.55,746.4,726.1,734.8,15140744
2021-02-11,731,744.15,731,740.1,11897710
2021-02-12,735.5,754.7,734.55,750.4,15668442
2021-02-15,759.9,799,753.9,794,20648115
2021-02-16,799,799,767,775.05,23968943
2021-02-17,774,785,764.3,777.75,16956357
2021-02-18,775,782,764,777,19685663
2021-02-19,772.9,777.2,741.35,749.65,15634787
2021-02-22,749.65,749.85,715,719.45,18123202
2021-02-23,732.35,734.95,712.6,715.95,16804763
2021-02-24,722,754.9,717.05,749.4,11207286
2021-02-25,765,783.5,762.15,770.65,26635119
2021-02-26,746,758.7,718.65,724.8,31306177
2021-03-01,738,743.5,722.25,728.55,14301187
2021-03-02,730.45,740.5,722,731.25,14503453
2021-03-03,740.5,760.8,735.1,753.95,13603791
2021-03-04,731.1,751.45,731.1,736.8,16896947
2021-03-05,732,744.1,720.5,730.75,16358252
2021-03-08,735,752.5,732,743.3,13898556
2021-03-09,758.7,758.7,740,745.45,18951683
2021-03-10,750.5,765.7,749.15,760.75,13377990
2021-03-11,760.75,760.75,760.75,760.75,0
2021-03-12,772.6,776.6,745,750.6,16343307
2021-03-15,754,754,716.65,744.4,22466579
2021-03-16,751,752,735.95,737.75,11358574
2021-03-17,739,742,724.7,727.9,12380976
2021-03-18,736,743.1,707.25,718.75,12261544
2021-03-19,709,729.35,703.5,726.25,20377672
2021-03-22,719,730,709.3,716.2,14802230
2021-03-23,718,739.5,714.1,730.55,15949688
2021-03-24,723.25,725,703.3,706.4,14379147
2021-03-25,709.5,710.9,680,694.6,21179280
2021-03-26,707,707,693.15,698.2,13143312
2021-03-29,698.2,698.2,698.2,698.2,0
2021-03-30,705,713.3,691,695.35,25965218
2021-03-31,696,703.55,692.1,697.45,14924620
2021-04-01,706.3,717,695.55,713,13090326
2021-04-02,713,713,713,713,0
2021-04-05,707.2,708.45,677.45,685.25,16239521
2021-04-06,690.1,693.5,675.5,677.9,12062011
2021-04-07,680.5,691.9,668.4,688.25,14433515
2021-04-08,691.5,695.5,679.35,681.6,9026398
2021-04-09,679.3,686.8,667,668.2,12509114
2021-04-12,651,655,626.65,635.6,14649541
2021-04-13,635.6,664.85,630,661,12737650
2021-04-14,661,661,661,661,0
2021-04-15,666.45,671.35,652.3,668.85,15195951
2021-04-16,668.65,675.25,662.35,669.2,12242522
2021-04-19,650,655.3,631,648.15,17292072
2021-04-20,656,662,643,651.75,12296248
2021-04-21,651.75,651.75,651.75,651.75,0
2021-04-22,641,660.95,634.4,658.7,19385102
2021-04-23,656,677.5,650.9,671.35,19167768
2021-04-26,694,703.8,684.5,700.45,21646184
2021-04-27,691.1,703.9,684.1,699.55,46559967
2021-04-28,708,712.5,688.15,708.15,54060587
2021-04-29,712,726.9,707,719.4,25939327
2021-04-30,705,729.85,705,714.9,23011654
2021-05-03,706,708,692.1,702.75,13752878
2021-05-04,704,718.65,698.1,700.35,11980155
2021-05-05,709,719.05,700,717.2,11155033
2021-05-06,718,722.85,710.25,715.75,9484934
2021-05-07,721,726.9,714,716.75,7131970
2021-05-10,723.5,725,714,715.25,7980462
2021-05-11,704.8,713.7,703,707.35,12736700
2021-05-12,704,705.75,689.05,691.3,10856584
2021-05-13,691.3,691.3,691.3,691.3,0
2021-05-14,695,698.6,681.4,685,9377968
2021-05-17,691.5,710.3,684.4,709.25,12099197
2021-05-18,720,726,708.5,711.65,19519055
2021-05-19,704,723.7,702.2,716.8,20244016
2021-05-20,708.6,714.4,704.55,705.9,18840413
2021-05-21,707,733.4,707,730.9,15883692
2021-05-24,730.4,747.5,726.75,741.15,15716900
2021-05-25,744.4,745,725.85,731.55,11344261
2021-05-26,738,741.4,729.5,735.1,9081086
2021-05-27,737.2,753.85,731,750.35,23040846
2021-05-28,752.6,759.7,738.5,739.85,17149692
2021-05-31,737.9,753,734,750.7,9275086
2021-06-01,753.55,754,741.15,745.15,6660243
2021-06-02,744.8,745.3,734.2,737,9973043
2021-06-03,743,752.25,739,750.65,8170508
2021-06-04,751,759.9,740.1,742.05,10336011
2021-06-07,743.1,753.95,741.5,751.1,6986728
2021-06-08,751,751.1,739.5,746.35,6426815
2021-06-09,746,751.25,730.15,736.75,8004726
2021-06-10,739.45,745.35,732.9,744.25,7795125
2021-06-11,746.25,746.25,737,738.45,4840759
2021-06-14,735.9,741.4,725,736.25,5190670
2021-06-15,736,752,732,750.9,9686490
2021-06-16,748.8,756.85,746.25,749.8,8614096
2021-06-17,741.95,745.4,736,738.6,6674329
2021-06-18,742.15,743.2,722.25,736.3,8143792
2021-06-21,725,740.9,720.5,739.55,6464497
2021-06-22,743.2,749,737.05,739.35,6727233
2021-06-23,743.2,743.75,730.8,732.35,6154147
2021-06-24,735.9,742.95,731.1,739.15,5313822
2021-06-25,737.55,765.95,737.55,761.35,11170037
2021-06-28,764.55,769.6,757.75,762.4,7672743
2021-06-29,761,763.55,750.05,751.95,7500655
2021-06-30,752.5,760.5,746.55,748.3,5459970
2021-07-01,750,754.4,744.5,746.45,5695690
2021-07-02,747.6,752.85,744,750.65,3557647
2021-07-05,757.1,762,753.4,760.35,4680089
2021-07-06,757,767,755.2,758.35,5529485
2021-07-07,755.9,764,752.25,762.9,3573368
2021-07-08,760,767.15,751.7,754.4,4188267
2021-07-09,752,752.9,740.25,747.35,5782119
2021-07-12,752.5,757.8,748.3,753.6,4475466
2021-07-13,759,773,755,770.75,9810976
2021-07-14,770.95,773.45,764,770.05,5621924
2021-07-15,770.5,778.25,766.5,774.15,4239868
2021-07-16,776,776,766.55,771.15,2913553
2021-07-19,752.3,766.65,749.6,755.2,5554486
2021-07-20,755,755.2,744.2,745.75,5815740
2021-07-21,745.75,745.75,745.75,745.75,0
2021-07-22,750.1,758.5,741,746.75,7876163
2021-07-23,749,764,740.1,755.4,6604465
2021-07-26,754,760,745,756.3,7890992
2021-07-27,750.5,756,729.1,731.7,15441543
2021-07-28,734.8,734.8,712.1,722.9,11102486
2021-07-29,720,728.5,716,717.25,6855673
2021-07-30,718.05,718.65,707.15,708.9,10358450
2021-08-02,715,725.55,712,721.15,6823345
2021-08-03,724,740.85,719.3,738.6,9265839
2021-08-04,740.5,757,738.65,753.8,9744349
2021-08-05,753,755,743.5,749.3,7246991
2021-08-06,747,757.65,738.8,740.85,6522599
2021-08-09,741,757.4,739.75,755.5,6064688
2021-08-10,755.5,764,755,761.55,8309248
2021-08-11,765,769,752.5,760.8,6429468
2021-08-12,759,763.4,753.35,757.35,3572081
2021-08-13,757.5,764.5,754.2,759.9,4239376
2021-08-16,756,765.8,756,762,3967629
2021-08-17,759,760,749.3,756.75,5576110
2021-08-18,763.8,763.8,750.5,754.4,5370460
2021-08-19,754.4,754.4,754.4,754.4,0
2021-08-20,745.8,749,736.2,740.25,6092036
2021-08-23,749.5,749.5,734.4,736.1,3614761
2021-08-24,736,749.7,731.5,746.35,4537435
2021-08-25,748.2,751.45,735.2,739.05,6726509
2021-08-26,734.1,750,732.35,746.35,6492155
2021-08-27,746.5,759.6,741,752.4,5841967
2021-08-30,756,789.5,754,784.05,12517507
2021-08-31,784.9,789,778.4,786.5,12114870
2021-09-01,798.1,819,795.4,798.9,19972195
2021-09-02,795.5,806.1,792.4,802.7,6799617
2021-09-03,804.5,809.9,787.7,798,7509746
2021-09-06,800.85,805.9,795.35,800.8,4539192
2021-09-07,798,799.4,782.05,787.85,6926921
2021-09-08,790,797.35,783,794.7,5903035
2021-09-09,789,793.7,784.2,790.15,4909325
2021-09-10,790.15,790.15,790.15,790.15,0
2021-09-13,786,790.45,783.5,788.35,4814443
2021-09-14,791,801,790,794.4,6301208
2021-09-15,796,797.45,787,791.4,4075592
2021-09-16,792.5,807.45,789.1,802.6,15446511
2021-09-17,808.85,820.7,797.25,807.35,14641298
2021-09-20,800,808.55,791.5,795.85,6306484
2021-09-21,795.25,799,772.3,795.35,7833561
2021-09-22,792.5,796.8,786,788.35,4359142
2021-09-23,794.35,814.5,792.55,812.15,9043492
2021-09-24,812.55,816.95,795.1,798.05,5184626
2021-09-27,802.9,808.8,792.8,796.95,7715259
2021-09-28,802,805.6,778,789.2,7369680
2021-09-29,783,789.5,778.5,782.15,14241004
2021-09-30,779.9,787.35,764.85,766.55,9178187
2021-10-01,763.4,771.7,754,768.15,6089895
2021-10-04,771.1,781.15,770.3,779,5845527
2021-10-05,774.4,784,771.2,782.6,3945224
2021-10-06,782.25,794.2,776,778.95,5092479
2021-10-07,790,790.15,774.1,777.1,6622698
2021-10-08,781.9,785,776,781.95,4295686
2021-10-11,782,793,779,787.15,4417455
2021-10-12,788,799.7,785.45,797.15,5098502
2021-10-13,799.95,804.5,793.2,794.6,4381414
2021-10-14,799,804,788,802.05,7157116
2021-10-15,802.05,802.05,802.05,802.05,0
2021-10-18,820,820,802.05,813.3,11014585
2021-10-19,820,827,798.5,801.65,10633732
2021-10-20,800.6,813.8,792,804.8,9023067
2021-10-21,807.95,813.5,792.3,807.8,7405639
2021-10-22,812,825,806.8,816.7,10646970
2021-10-25,830.1,866.9,825.45,845.1,29193770
2021-10-26,848.4,851.65,823.5,841.9,16771909
2021-10-27,840,840.8,785.65,787.5,39606414
2021-10-28,787.5,789,754.65,758.35,19320926
2021-10-29,762,762,714,742,21343427
2021-11-01,755,760,740,752.35,11694854
2021-11-02,752.5,761.35,748.05,755.85,11812106
2021-11-03,759.45,762.65,748.5,750.6,10529505
2021-11-04,757,757.05,751.4,752.95,793433
2021-11-05,752.95,752.95,752.95,752.95,0
2021-11-08,761,761,741.5,751.05,13872770
2021-11-09,750,753.95,743.35,745.05,12120207
2021-11-10,742.7,753.35,732,749.35,10844883
2021-11-11,748,748,735.1,738.05,6195359
2021-11-12,742.8,742.8,733.5,736.05,9372897
2021-11-15,738,744,728,733.25,12849161
2021-11-16,733.25,733.3,721.3,726.15,8978763
2021-11-17,721,724.9,706.75,712.35,18083445
2021-11-18,715,716,701.9,706.35,13458109
2021-11-19,706.35,706.35,706.35,706.35,0
2021-11-22,713,713,677.4,686.4,16741079
2021-11-23,681,692.65,677.35,685.65,16575348
2021-11-24,690,695.1,682.05,685.15,11463429
2021-11-25,686,687,676.55,679.9,9760486
2021-11-26,669,674.9,660.45,661.75,10252753
2021-11-29,665.05,665.45,649.35,651.1,12084376
2021-11-30,648,677.45,648,655.65,24699809
2021-12-01,664.9,681.4,660,679.6,16184200
2021-12-02,675,678.8,668.05,676.1,8612601
2021-12-03,679.1,687.35,671,673,9505985
2021-12-06,674,678.75,661.15,663.1,8022785
2021-12-07,672,691.55,670,687,15123987
2021-12-08,695,701.55,687.65,697.1,11670826
2021-12-09,698.15,699.9,688,693.95,7021395
2021-12-10,690.1,691.95,683.75,688.05,5549743
2021-12-13,699,711.9,693.1,704,13634563
2021-12-14,701,714,697.6,710.9,8612512
2021-12-15,712.4,720,707.55,712.5,7692888
2021-12-16,719,721.95,705.05,709.65,7309187
2021-12-17,707.5,708,685.1,688.9,7844705
2021-12-20,680.95,681.85,660.1,674.35,9934646
2021-12-21,683,683,662.5,665.85,10116104
2021-12-22,670,676.85,664,669.35,7489534
2021-12-23,677,684.5,672.6,678.8,6884683
2021-12-24,681.15,682,662.45,667.5,6028893
2021-12-27,663.05,674.6,655.95,672.15,6996729
2021-12-28,677.3,680.85,672,675.45,4645547
2021-12-29,674.5,679.6,667.25,670.5,3969894
2021-12-30,668,673.1,664.5,668.85,5119705
2021-12-31,672.95,686.5,671.2,678.55,5586980
2022-01-03,680.25,698.5,679,696.35,8550860
2022-01-04,701,711.05,700.05,709.15,9705906
2022-01-05,711.9,730.9,707.75,726.9,11312955
2022-01-06,719.95,733.5,719,730.3,7955578
2022-01-07,734,740.9,725.25,730.6,10454143
2022-01-10,733.65,744,733.2,742.8,9595787
2022-01-11,742.9,747.05,737.3,743.25,7252279
2022-01-12,749.65,751.45,743.15,746.85,5294563
2022-01-13,749,749,737.05,740.7,5196538
2022-01-14,734.8,735.95,716.05,721.7,16302342
2022-01-17,719,720.6,709.5,712.65,19680557
2022-01-18,717.5,735.9,714.25,725.2,24055886
2022-01-19,725.2,731.95,718.7,729.6,7746270
2022-01-20,731.05,737.15,722.15,728.9,8505400
2022-01-21,722,725.25,708.05,712.5,10689060
2022-01-24,715,716.4,688.2,704.6,8812501
2022-01-25,714,755,708.6,752.2,38088158
2022-01-26,752.2,752.2,752.2,752.2,0
2022-01-27,744,777,738.1,773.85,34927774
2022-01-28,778.1,784.7,761.5,764.7,17765524
2022-01-31,775.45,777.8,762.35,773.05,12319200
2022-02-01,778.1,793.9,769.1,781.9,15457534
2022-02-02,790,805.9,787.35,804.1,13478899
2022-02-03,802.2,811.9,793.05,799.55,10802708
2022-02-04,796.95,804.5,791.15,798.55,10776387
2022-02-07,802.5,803.6,784.1,789.6,10939179
2022-02-08,794,801,776.15,798.55,12300670
2022-02-09,801,809.5,800.15,803.85,9399830
2022-02-10,807.55,815.95,803.1,809.8,12848281
2022-02-11,800.95,809.9,798.5,803.8,9717894
2022-02-14,790,803,769.95,773.35,8617389
2022-02-15,777,799.1,764.3,796.95,7426563
2022-02-16,795,808.3,789.3,797.05,7457765
2022-02-17,797,802,780.5,782.8,6516308
2022-02-18,781.15,790.55,779,787.4,5466662
2022-02-21,783.55,796.8,776.1,788.85,5635224
2022-02-22,766.1,787,766.1,779.15,6923558
2022-02-23,783.5,785.5,772.25,777.2,6303173
2022-02-24,752.4,769.15,725.3,730.3,13085009
2022-02-25,742.3,764.85,737.4,758.05,10066136
2022-02-28,749.9,749.9,736.2,742.4,14463418
2022-03-01,742.4,742.4,742.4,742.4,0
2022-03-02,728.7,756.45,725,750.25,11691602
2022-03-03,756,759.45,732.4,737.65,8357181
2022-03-04,723,732.5,710.05,715,11660648
2022-03-07,693,705,655.6,667.55,20147061
2022-03-08,665,673.75,637,670.4,24828458
2022-03-09,671.5,680.5,659.1,674.2,20438651
2022-03-10,707.9,720.4,688.25,694.95,23224756
2022-03-11,691.9,706.65,687.45,690.85,14224356
2022-03-14,694.7,712.4,685,710.05,10720884
2022-03-15,713,718,695,698.15,12157425
2022-03-16,711,726,709.1,723.85,10038170
2022-03-17,737,746.75,736.45,739.25,13657428
2022-03-18,739.25,739.25,739.25,739.25,0
2022-03-21,745,749.4,723.7,725.9,7495685
2022-03-22,729,736,706.35,731.4,11117081
2022-03-23,736.1,742.9,724.65,726.75,5886245
2022-03-24,719.1,730.45,719,722.25,7559843
2022-03-25,723.3,726.65,715.5,721.25,5430894
2022-03-28,726,737.9,715.05,736,7077669
2022-03-29,741.65,741.65,731,737.8,6174137
2022-03-30,747,765.85,741.3,750.45,16618114
2022-03-31,763,763,751.3,761.15,20449544
2022-04-01,760,775.75,755.15,774.55,9321859
2022-04-04,780,785.5,767,784.1,10959783
2022-04-05,776,796,776,783.1,7334134
2022-04-06,777,779.95,769.2,773.7,9954921
2022-04-07,769.5,795,769.2,792.1,9820244
2022-04-08,794.9,800.7,789,794.9,8104237
2022-04-11,789.45,794.25,784.05,786.05,6340427
2022-04-12,780.1,801,777.8,798.45,7672215
2022-04-13,805.8,805.8,790.85,793.05,7640132
2022-04-14,793.05,793.05,793.05,793.05,0
2022-04-15,793.05,793.05,793.05,793.05,0
2022-04-18,780,801.65,776,798.85,11478317
2022-04-19,805,816.2,785.55,797.8,8711816
2022-04-20,800.85,802.45,788.6,794.7,6676491
2022-04-21,795.1,804,790.55,801.8,6851615
2022-04-22,796,798,778.2,780.6,6255027
2022-04-25,772,788.8,761.25,780.7,8023525
2022-04-26,791,796.6,769,775,11087204
2022-04-27,765.6,772.95,749,765.9,11485697
2022-04-28,776.9,785.45,766.35,779.8,11037317
2022-04-29,765,766.85,725,728.6,34401710
2022-05-02,722,738.2,718.5,727.35,16136040
2022-05-03,727.35,727.35,727.35,727.35,0
2022-05-04,733,735.15,704,707.2,14548684
2022-05-05,716,721.8,698.9,702.35,12726146
2022-05-06,690,692.5,668.1,673.4,15511195
2022-05-09,660.2,669,648.8,663.7,13999329
2022-05-10,663.7,672.1,657.55,659.75,9523698
2022-05-11,661.7,676,655.45,672.35,9352398
2022-05-12,667,667,644,649.65,11166084
2022-05-13,656.4,659.4,633.4,635.95,9618627
2022-05-16,639.85,649.2,630.05,638.95,6159695
2022-05-17,642.9,657.5,641.15,654.95,8152237
2022-05-18,654.75,670.4,650.3,659.45,13013873
2022-05-19,643.3,657.75,641.2,650.2,9216948
2022-05-20,659.75,675.75,658,673.1,9708672
2022-05-23,673,684.8,668.55,675.35,7919353
2022-05-24,669.7,681.45,661.2,664.05,8088546
2022-05-25,668,672.65,660.05,665,5169619
2022-05-26,672.95,685.25,668,683.25,10114633
2022-05-27,689,693.8,684.25,688.3,5539060
2022-05-30,695.1,698,690.1,693.65,3818060
2022-05-31,689,696,683.05,685.2,10410424
2022-06-01,683,692.45,680.5,686.05,6966674
2022-06-02,682,693.15,682,691.55,6347433
2022-06-03,697.3,698,673.15,677.3,8475726
2022-06-06,677,684,670.3,672.2,6756864
2022-06-07,672.2,678,661.1,665.85,8312778
2022-06-08,670,673.55,655.45,658.6,9282494
2022-06-09,656.95,662.75,650,661.3,5682743
2022-06-10,655.5,663.7,652.2,660.7,6758832
2022-06-13,646.95,652,640.1,648.95,6135431
2022-06-14,645,655.7,643.1,650.75,5391833
2022-06-15,654,656.35,647.2,650.5,4638336
2022-06-16,657.5,658.2,631.05,634.9,5960283
2022-06-17,630,640.8,626.6,635.2,6849201
2022-06-20,635.25,637.15,622.2,628.3,5305222
2022-06-21,632,645.35,628.15,636.5,10333886
2022-06-22,632.55,633.65,621.25,626.8,5899024
2022-06-23,627.4,640.85,618.25,629.35,8450777
2022-06-24,634.35,642.45,631.65,634,6918584
2022-06-27,644,646.9,634.7,637.1,4552114
2022-06-28,634,644.7,632,642.35,10711123
2022-06-29,636.35,637.8,623.5,625.55,13620084
2022-06-30,624,639.3,623.65,636.8,10563138
2022-07-01,633,646.6,631.8,643.95,6549359
2022-07-04,641.55,655.15,640.5,654.35,3933384
2022-07-05,656.1,659.9,646,648.5,5044787
2022-07-06,652,659.4,651,657.95,6684686
2022-07-07,663.45,664.5,651.65,658.15,11171714
2022-07-08,667,676.8,661.4,669.15,12669533
2022-07-11,666.55,681.95,665.35,679.85,14864123
2022-07-12,677,685.25,673,676.2,6446810
2022-07-13,680,685,676.95,679.9,9614674
2022-07-14,678.6,680.45,665.6,668.25,8026311
2022-07-15,670,674.2,659.1,662.2,6015057
2022-07-18,668.05,688,663.45,684.5,12464664
2022-07-19,678.6,703.85,678.6,700.6,10171314
2022-07-20,706.3,714.5,702.7,705.7,11620331
2022-07-21,707.95,718.45,704.35,715.55,8036515
2022-07-22,717,735,715.1,730.75,9713490
2022-07-25,733.5,738.8,722.5,727.35,6230411
2022-07-26,722.9,723.45,702.05,706.45,14135744
2022-07-27,707.95,720.55,703.6,718.95,6106880
2022-07-28,725,733.7,723.05,725.9,6964838
2022-07-29,733.9,734.95,723,724.75,6624854
2022-08-01,726,732.3,720.4,730.8,5493105
2022-08-02,727,734.35,721.1,730.45,7275626
2022-08-03,730,738.5,727.5,730.5,9458761
2022-08-04,735.2,736.7,712.2,721.6,7466635
2022-08-05,724,731.2,721.2,728.5,4583196
2022-08-08,730,747.35,728.1,745.55,8191870
2022-08-09,745.55,745.55,745.55,745.55,0
2022-08-10,745,747.85,736.15,739,9069541
2022-08-11,743.05,760.65,743.05,758.85,12384073
2022-08-12,758.7,762,753.4,760.55,4614341
2022-08-15,760.55,760.55,760.55,760.55,0
2022-08-16,765,772,758.45,764.65,7051498
2022-08-17,771.4,773.75,766.25,772.1,7674390
2022-08-18,772,776,762.1,765.05,9449924
2022-08-19,772,772.65,750.25,757.5,7553270
2022-08-22,753.4,754.45,739.2,741.85,4994311
2022-08-23,738,750.85,733.8,747.05,6594634
2022-08-24,745,752.05,742,750.15,6875820
2022-08-25,753.9,758.6,740,743.35,6320890
2022-08-26,748,755,741.3,744.9,4613713
2022-08-29,730,734.9,722.05,728.7,5904146
2022-08-30,733,753.55,733,751.5,9193270
2022-08-31,751.5,751.5,751.5,751.5,0
2022-09-01,733.5,754.9,733.5,744.15,9353805
2022-09-02,749,754.55,740.25,750.2,7767812
2022-09-05,750.2,758.8,749.35,756.1,5894055
2022-09-06,758,761.55,748.8,750,7606181
2022-09-07,743.15,758,739.05,755.4,10156460
2022-09-08,761.75,782.2,757.1,779.75,13410790
2022-09-09,787.95,787.95,780,784.85,8732302
2022-09-12,789,805,786.8,801,15521649
2022-09-13,805,808.95,803.15,805.55,9887516
2022-09-14,794.4,811.35,794.4,803.05,10494713
2022-09-15,805.5,806.5,787.65,790,5996899
2022-09-16,786.05,792.6,776.1,789.3,11467351
2022-09-19,789.3,802,786.7,798.1,11427799
2022-09-20,806.8,816.2,802,812.75,8274079
2022-09-21,809.25,816,803.35,806.55,6567084
2022-09-22,805,808.8,784.3,789.2,7804275
2022-09-23,789,789,764.25,768.6,10278805
2022-09-26,759,763.5,741,742.6,11090327
2022-09-27,746.35,754.15,730.5,737.5,11358306
2022-09-28,733.9,733.9,707.7,716.45,13170668
2022-09-29,722.25,730.8,711,719,12090981
2022-09-30,720,737.75,714.4,733.2,9536017
2022-10-03,731,742,721.05,722.75,6405645
2022-10-04,733.4,744.5,732,742.8,5438934
2022-10-05,742.8,742.8,742.8,742.8,0
2022-10-06,750,760.4,746,755.1,9376433
2022-10-07,753.8,757.5,742.3,755.7,7500540
2022-10-10,748,778.7,745,776.85,14106654
2022-10-11,780,795.5,774.5,785.55,15953495
2022-10-12,789.5,810.8,783.45,808.7,21228018
2022-10-13,807,814.95,795.6,802,13024911
2022-10-14,815.55,820.7,794.45,800.5,8220645
2022-10-17,803.5,817,797.1,814.15,9463827
2022-10-18,820,822.9,811.55,816.35,8470882
2022-10-19,818.45,838.45,816.9,829.85,10868663
2022-10-20,824.9,831.9,816.95,825.85,11813817
2022-10-21,860.1,906,855.85,900.4,58057724
2022-10-24,916,918.45,905,909.45,3085307
2022-10-25,905.7,910.6,891.6,902.85,13187308
2022-10-26,902.85,902.85,902.85,902.85,0
2022-10-27,909,919.95,901.25,915.15,11967044
2022-10-28,915,917.95,898.9,903.05,7320207
2022-10-31,908,918,902.1,906,9038777
2022-11-01,904,904,869,871.75,29191921
2022-11-02,875,877,861.6,863.55,11029140
2022-11-03,857.9,880.4,856,864.05,10185978
2022-11-04,869,872.9,862.3,868.1,7323879
2022-11-07,876.25,876.8,861.3,872.95,9931261
2022-11-08,872.95,872.95,872.95,872.95,0
2022-11-09,875.05,880.75,868.5,873.7,10190209
2022-11-10,843.7,856.7,841,843.7,18956575
2022-11-11,847,854.7,844.15,850.7,19329819
2022-11-14,850.5,853.9,847.35,851,6985306
2022-11-15,851.25,859.85,847.2,858.65,7124767
2022-11-16,858,861.6,850.6,855.4,6521854
2022-11-17,855.4,861.4,852.7,858.2,4909607
2022-11-18,859.3,865.8,855,859.2,7065304
2022-11-21,860,870.95,859,870.05,7209207
2022-11-22,874.95,877,868.35,870.05,5535233
2022-11-23,873.9,877.8,868.75,874.7,5861417
2022-11-24,878,880.8,873.1,878.55,4928778
2022-11-25,883,891.8,880.9,887.75,7614047
2022-11-28,887.7,899.5,885.3,891.7,7928147
2022-11-29,894.4,901.9,890,892.55,5661158
2022-11-30,895,905.1,885.45,901.25,10452798
2022-12-01,909.5,909.5,899.5,903.85,7053100
2022-12-02,898.3,907,891.4,905.15,7988851
2022-12-05,907,907.3,897.6,899.2,5098164
2022-12-06,897.5,906.9,895.7,904.65,5351099
2022-12-07,902.8,918,899.85,914.65,9103656
2022-12-08,915.65,943.95,913.75,939.35,17466047
2022-12-09,944,945,927.6,933.7,8018981
2022-12-12,929.9,941.15,922,938.65,7621788
2022-12-13,940.2,949.3,936.6,944.6,8136559
2022-12-14,945.65,950.15,938.5,942.4,8573479
2022-12-15,939.75,944.95,932.6,938.15,7359261
2022-12-16,932.25,945.2,929.1,935.1,6926928
2022-12-19,935.1,948.1,932.4,946.2,4842336
2022-12-20,943.75,952.75,940.45,949.75,9511818
2022-12-21,953.1,958.9,928,932.3,8368960
2022-12-22,936,936,912.95,919.55,9202717
2022-12-23,912,917.25,904,906.6,6371695
2022-12-26,908,932.95,905.1,928.7,4764440
2022-12-27,932.45,937.8,922.6,932.2,3346083
2022-12-28,930.95,937.45,921.3,924.7,5956496
2022-12-29,922.8,944,915.8,934.55,12204113
2022-12-30,941.25,943.5,930.35,933.75,3704449
2023-01-02,932.25,945,931.8,941.6,3498198
2023-01-03,944.75,965.6,942.6,962.3,6927819
2023-01-04,963.5,970,955,957.45,9059392
2023-01-05,960,961.9,938.25,949.55,6998980
2023-01-06,946.55,950.95,934.3,939.9,5787783
2023-01-09,946.8,960,941.35,958.75,7025747
2023-01-10,964,964,942.75,952.15,7140150
2023-01-11,953,955.75,942.8,949.75,7100355
2023-01-12,949.35,949.7,924,935.55,8661375
2023-01-13,935.5,937.45,923,934.15,9083608
2023-01-16,940.45,941.75,911.7,913.15,10008273
2023-01-17,914.95,919.7,906.7,917.7,6904960
2023-01-18,921.9,925.6,913.25,924,5730939
2023-01-19,923.6,938,920.75,928.7,7721730
2023-01-20,931.25,934.85,924.65,930.55,4511360
2023-01-23,936,939.7,924.45,932.7,5236124
2023-01-24,935,935,903.75,910.2,18527897
2023-01-25,905,907.45,884.2,892.35,11921748
2023-01-26,892.35,892.35,892.35,892.35,0
2023-01-27,892.35,892.5,851,873.75,17300736
2023-01-30,851.9,885.5,846.15,871.85,21233998
2023-01-31,873,879.3,861.1,871.6,16856151
2023-02-01,876.3,895.2,833.3,857.25,12409819
2023-02-02,850.95,872,837.05,868.45,9567053
2023-02-03,873,885,859.25,882.6,7365732
2023-02-06,871.85,899.15,870.6,882.65,10129098
2023-02-07,886.85,888.4,871.5,879.1,5055187
2023-02-08,882.1,886.45,868.25,871.75,6572818
2023-02-09,876.15,876.15,862.55,867.7,5993312
2023-02-10,872.05,872.7,865.15,867.25,4603464
2023-02-13,867.25,870.45,856.5,859.1,5707194
2023-02-14,862.55,871.9,854.25,870.75,7527755
2023-02-15,872,872.2,861.6,868.3,7322266
2023-02-16,872.8,874.3,862.25,864.75,5843235
2023-02-17,861,868.25,850,854.9,8420479
2023-02-20,859.7,861.2,842.5,846.75,5992322
2023-02-21,849,849,837.4,844.05,9677064
2023-02-22,840,843,829.55,833.35,6984037
2023-02-23,833.05,848.25,830.2,844.35,8437003
2023-02-24,850.1,854.6,844.45,851.4,7763814
2023-02-27,851.85,858.45,845.95,854.35,8064267
2023-02-28,855.95,857.6,840,844.1,13012372
2023-03-01,846.05,868.75,845.05,865.15,12345125
2023-03-02,866,866.8,843.5,845.45,13900508
2023-03-03,849.75,858.6,845.6,852.65,7977804
2023-03-06,856.95,863.75,855.6,859.5,10781567
2023-03-07,859.5,859.5,859.5,859.5,0
2023-03-08,858.5,862.5,853.05,860.95,8785735
2023-03-09,862.5,874.25,862,867.8,14746065
2023-03-10,859.6,861.6,845.5,851.9,11198583
2023-03-13,845.6,857,828.45,832.35,8315798
2023-03-14,828,835.7,817.4,832.85,12573734
2023-03-15,838.05,843.5,819.35,824.05,6652641
2023-03-16,821.5,837.9,814.3,830.55,8791383
2023-03-17,835,841.5,823,837.4,7762461
2023-03-20,836,841,825.55,837.55,10744023
2023-03-21,840.1,857.35,838.75,855.6,11489951
2023-03-22,855.6,859.8,847.05,849.65,8018924
2023-03-23,847,861.15,845.1,848.8,9857892
2023-03-24,846.25,852.5,837.25,839.9,8078718
2023-03-27,841.05,842.2,829.2,833.35,10602508
2023-03-28,837.4,837.4,826.05,832.45,11002402
2023-03-29,832.5,848.45,830,842.6,17121194
2023-03-30,842.6,842.6,842.6,842.6,0
2023-03-31,854.9,860.9,847.5,858.5,12946752
2023-04-03,864,866.8,856.45,864.6,13266882
2023-04-04,864.6,864.6,864.6,864.6,0
2023-04-05,871,871,857,860.5,11890015
2023-04-06,861.8,863.25,849,851.95,19677316
2023-04-07,851.95,851.95,851.95,851.95,0
2023-04-10,854.8,854.95,843.95,847.35,15656078
2023-04-11,848.25,855.7,844.05,853.3,23930907
2023-04-12,854.9,856.65,846.65,851.05,13480335
2023-04-13,853.65,867.7,845,864.35,23934570
2023-04-14,864.35,864.35,864.35,864.35,0
2023-04-17,882,882,861,864.55,22577380
2023-04-18,865.35,872,857.1,863.35,17238709
2023-04-19,865,874.5,862.55,873.4,23494247
2023-04-20,874.8,875.6,864.15,868.75,19444753
2023-04-21,870.8,873.85,857.5,864.2,15520786
2023-04-24,868,884.4,860.5,882.3,18201632
2023-04-25,885,895.8,874.4,878.35,36394389
2023-04-26,877.4,889.45,875.2,887.65,19468723
2023-04-27,888,890,877.5,881.4,15992383
2023-04-28,885.1,890.05,853.65,860,23004117
2023-05-01,860,860,860,860,0
2023-05-02,870,876.4,864.25,870.65,12947953
2023-05-03,863.85,866.85,854.05,859.85,15103015
2023-05-04,860,867.15,857.5,865.95,9756391
2023-05-05,867.15,885,862.75,865.3,14343308
2023-05-08,865.3,881.4,865.3,878.45,7007882
2023-05-09,882.2,890.2,880,888.25,12117151
2023-05-10,892,892.5,877.55,889.9,11893027
2023-05-11,891,900,889,895.95,13816121
2023-05-12,895.2,913.6,894,910.65,10533272
2023-05-15,910.65,919.5,909.15,915.8,7339579
2023-05-16,916.2,922.5,912,917.8,12567615
2023-05-17,917.7,918.9,911.25,914.8,10248327
2023-05-18,920,929.5,912.6,914.7,13614127
2023-05-19,920.9,927,908.95,924.05,8393002
2023-05-22,923,927.75,914.4,917.55,9383158
2023-05-23,917.55,922.5,912.4,916.15,8273445
2023-05-24,911.15,920.85,910.2,917.7,6248545
2023-05-25,916.7,923.55,912.45,921.05,8149350
2023-05-26,918,927.9,915,926.95,4908462
2023-05-29,931,937.7,928.05,929.8,7133871
2023-05-30,930.8,939.7,928.05,937.45,7804403
2023-05-31,937.35,939.9,910.2,914.85,34757004
2023-06-01,922,930.95,916.05,919.7,11817533
2023-06-02,922.65,930.5,920.25,926.1,11616991
2023-06-05,927.6,953.9,927.6,950.85,14520005
2023-06-06,951.1,970.75,951.1,968.2,14457988
2023-06-07,972.95,981.25,968.1,976.75,15795824
2023-06-08,973.05,974.85,959.9,962.1,10209982
2023-06-09,967,981.7,963.3,974.75,12947464
2023-06-12,973,977.9,968.6,974.2,7465375
2023-06-13,974.3,989.7,974.3,985.85,15233785
2023-06-14,986,988.2,976,977.7,8644423
2023-06-15,988.35,989,972.2,977.15,15978311
2023-06-16,982.8,985.45,977.2,981.55,8860900
2023-06-19,983.85,986,961,965.65,11025846
2023-06-20,965.95,977,958.55,974.85,7596593
2023-06-21,978.3,978.3,963.15,966,7805855
2023-06-22,962.2,973.45,958.7,966.6,10135883
2023-06-23,960,965.5,954.55,958.4,6188008
2023-06-26,959.5,963.5,953.1,960.55,5799528
2023-06-27,967,976,960.8,973.25,6921886
2023-06-28,979,984,967,978.2,10010996
2023-06-29,978.2,978.2,978.2,978.2,0
2023-06-30,977.1,989.85,976,987.45,7096350
2023-07-03,990,990,978,982.1,5562743
2023-07-04,982.1,984.85,969,970.7,7396806
2023-07-05,969,975.5,962.1,966.5,8200047
2023-07-06,961,986.1,961,980.95,10221727
2023-07-07,976.25,989.45,971.8,976.7,6236524
2023-07-10,976.7,986,960.4,964.05,7138850
2023-07-11,967.9,971.75,950.6,953.2,10616390
2023-07-12,956.7,957.55,947,950,10141257
2023-07-13,956.3,966,952.15,960.15,13079930
2023-07-14,964.45,967,947.75,957.05,5383514
2023-07-17,960,968.9,950.45,964.85,8472444
2023-07-18,964,979.95,951.3,963.65,14457717
2023-07-19,964,969.9,956.5,964.3,7574544
2023-07-20,963.9,979.9,957.6,977.9,15329753
2023-07-21,971.6,985,968,971.3,6230317
2023-07-24,973.45,984.95,968.8,971.5,9167788
2023-07-25,977.65,977.65,953.8,962.5,13448045
2023-07-26,966.85,980,963.3,976.8,8298226
2023-07-27,989.35,990,955.75,959.9,17858061
2023-07-28,959.9,969.75,942.2,949.95,8504392
2023-07-31,954.7,958.6,948.3,953.9,6601991
2023-08-01,956,964,952,959.9,8409096
2023-08-02,951.5,958.9,936.6,945.25,9324465
2023-08-03,944.1,946.6,927.15,935.55,17076611
2023-08-04,947,954.85,934.65,952.25,12376086
2023-08-07,952.25,955,944.55,947.4,10922609
2023-08-08,950,959.9,944.05,952.9,11512735
2023-08-09,952,953.3,944.3,950,7701831
2023-08-10,948,951.95,937.3,939.75,13590891
2023-08-11,937.5,945.7,933,937.2,9558237
2023-08-14,935,943.3,928.9,939.95,7172522
2023-08-15,939.95,939.95,939.95,939.95,0
2023-08-16,935.95,940,931.3,933.05,7394623
2023-08-17,935.95,943,931.65,936.55,9336994
2023-08-18,934.85,945.95,931.05,943.05,6648744
2023-08-21,944.2,954.25,943.95,952.6,6822155
2023-08-22,953.85,959.1,948.65,957.05,10860061
2023-08-23,962,980.45,958.4,979.25,12677151
2023-08-24,984.8,994.25,979.1,981.35,11899556
2023-08-25,974,988.2,970.8,983.1,6228241
2023-08-28,980.1,992.5,980.1,990.2,8451441
2023-08-29,990.2,991,977.5,980.7,8114141
2023-08-30,983,998,980,983.35,9023083
2023-08-31,981.8,994.7,968.6,973.5,21558300
2023-09-01,974.25,993,969,991.15,10946742
2023-09-04,993.75,994.55,980,982.25,6727188
2023-09-05,985.45,986.2,977.9,981.45,10548660
2023-09-06,981.45,983.15,961.8,965.05,16351052
2023-09-07,965.05,979.8,963.1,978.2,8686550
2023-09-08,978.2,987.3,972.5,980.3,6439351
2023-09-11,981.8,1004,979,1000.4,7130484
2023-09-12,1010,1010,998.05,1000.9,8958327
2023-09-13,1002.95,1017,993.7,1014.45,12254423
2023-09-14,1014.45,1022.4,1009.05,1020.9,7855558
2023-09-15,1021,1031.75,1014.55,1027.15,8986157
2023-09-18,1021.55,1029.9,1019,1024.75,6397319
2023-09-19,1024.75,1024.75,1024.75,1024.75,0
2023-09-20,1012.3,1047.5,1012.3,1027.3,13619788
2023-09-21,1026.6,1033.6,1012.1,1014.45,8156588
2023-09-22,1010,1027.25,1008,1018.25,7108110
2023-09-25,1015.2,1026,1005.15,1018.95,7123890
2023-09-26,1019,1020.7,1011,1014.15,6387615
2023-09-27,1009.95,1027.95,1004,1025.2,5158686
2023-09-28,1027,1037.95,1025.2,1030.9,15818489
2023-09-29,1030.9,1041,1024.5,1036.7,9528626
2023-10-02,1036.7,1036.7,1036.7,1036.7,0
2023-10-03,1035,1044.7,1032.6,1041.05,11589322
2023-10-04,1035.35,1037,988.85,995.55,22584212
2023-10-05,1000,1009.2,988.9,1003.25,7950412
2023-10-06,1005,1008,999.4,1000.95,5289753
2023-10-09,994.8,999.7,988.25,996.25,6823214
2023-10-10,999.9,1014.95,996.5,1012.25,5728499
2023-10-11,1019,1025.65,1012,1019.1,7396783
2023-10-12,1022,1031,1014.95,1018.45,4920222
2023-10-13,1009,1011.45,992.25,994.05,12173162
2023-10-16,990,1009.45,990,1004.8,4646960
2023-10-17,1008.85,1014.7,1003.1,1008.05,6105067
2023-10-18,1010,1014.1,989.35,992.85,7818946
2023-10-19,979.7,999,979.7,991.4,4836625
2023-10-20,989,992.9,977.75,980.35,5664400
2023-10-23,980,984.9,961.1,964.3,5896695
2023-10-24,964.3,964.3,964.3,964.3,0
2023-10-25,960,974,951.4,955.45,6957048
2023-10-26,956,975,952.75,972.05,17540495
2023-10-27,980,1004.75,973.3,1002.75,13443016
2023-10-30,1002.75,1002.75,979.2,989.2,5270567
2023-10-31,998,998,978,981.85,7816805
2023-11-01,977.85,979.3,968,971.8,5703984
2023-11-02,978,988.35,974,982.95,5193982
2023-11-03,986,991.4,981.5,988.85,4268048
2023-11-06,995,1016.2,993.1,1009.4,6552178
2023-11-07,1008,1022.2,1005.25,1020.9,6559859
2023-11-08,1024,1026.95,1015.6,1021.7,7643314
2023-11-09,1024.75,1028.85,1016.65,1021.9,4407935
2023-11-10,1017.9,1031,1016.65,1029.2,3294063
2023-11-13,1030.05,1031.85,1023.5,1025.35,5985481
2023-11-14,1025.35,1025.35,1025.35,1025.35,0
2023-11-15,1045,1045,1031.55,1041.35,7240388
2023-11-16,1042.8,1044,1022.15,1026.35,6908825
2023-11-17,1014.9,1020,991.85,994.35,13268353
2023-11-20,981,994.75,980.35,988.7,8215656
2023-11-21,989.95,997.5,986.65,991.8,7061614
2023-11-22,991,999.9,988,998.1,6103988
2023-11-23,999,1003.4,995.4,999.05,3112891
2023-11-24,1002,1010.75,999.7,1008.5,6956281
2023-11-27,1008.5,1008.5,1008.5,1008.5,0
2023-11-28,1013.05,1021.95,1009.25,1021.15,6173384
2023-11-29,1027.15,1063.5,1021.15,1060.15,9422396
2023-11-30,1062.7,1080.9,1055.45,1074.25,24755589
2023-12-01,1075.4,1109,1070.2,1104.65,14428758
2023-12-04,1120.5,1129,1099.1,1125.6,14043213
2023-12-05,1136.8,1151.85,1127.15,1132.45,15804808
2023-12-06,1135.1,1145.7,1117.95,1120.5,7342767
2023-12-07,1119.25,1129.6,1108.5,1117.85,6439419
2023-12-08,1115.85,1134.35,1111.5,1131.2,7300989
2023-12-11,1129,1139.4,1113.85,1116.5,6924589
2023-12-12,1120,1133.9,1109,1131,9044111
2023-12-13,1150,1151,1111.45,1114.85,8184523
2023-12-14,1132.4,1138.6,1117.9,1120.45,9421193
2023-12-15,1119.2,1127.85,1108.6,1120.35,12048410
2023-12-18,1119.7,1120,1107.2,1111.35,7922468
2023-12-19,1123.8,1126.85,1114.2,1120.25,6824641
2023-12-20,1122,1123.85,1102.7,1110.25,9848057
2023-12-21,1103.9,1103.9,1077.2,1095.4,10914682
2023-12-22,1095.4,1106.3,1085.8,1088.3,10600025
2023-12-25,1088.3,1088.3,1088.3,1088.3,0
2023-12-26,1091.2,1100.65,1086.7,1094.25,5687517
2023-12-27,1096.05,1110.55,1089.65,1106.35,6132936
2023-12-28,1107.25,1113,1098,1107.85,14097667
2023-12-29,1101.45,1106.85,1093.95,1102.3,8786731
2024-01-01,1095,1104,1093,1097.7,4083732
2024-01-02,1095.1,1099.35,1082.3,1093.25,7895577
2024-01-03,1091,1102.6,1081.3,1098.6,10225290
2024-01-04,1103,1130,1100.05,1123.4,11411683
2024-01-05,1124,1139.9,1119,1136.95,8025466
2024-01-08,1145,1146,1118.5,1122,4735538
2024-01-09,1128.55,1135.55,1112.35,1116.55,6359362
2024-01-10,1115.25,1116,1099.05,1107,5934163
2024-01-11,1111.05,1127.9,1111.05,1125.75,4683035
2024-01-12,1126.35,1129.45,1118.05,1120.35,5616755
2024-01-15,1122,1130.45,1116.6,1119.5,6719079
2024-01-16,1116.65,1127.8,1115.1,1119.1,5229753
2024-01-17,1082,1115,1079.2,1082.3,24913719
2024-01-18,1066,1108.75,1066,1097.5,11473135
2024-01-19,1107.15,1126.3,1105,1116.55,12303696
2024-01-22,1116.55,1116.55,1116.55,1116.55,0
2024-01-23,1125.9,1141.6,1078.8,1089.25,18924087
2024-01-24,1034.8,1073.2,1020.9,1059.15,20884046
2024-01-25,1058,1063.7,1025.8,1042.25,20835434
2024-01-26,1042.25,1042.25,1042.25,1042.25,0
2024-01-29,1036,1068,1036,1061.25,11188604
2024-01-30,1060.05,1070.45,1050.8,1054.1,9426983
2024-01-31,1048.2,1084.1,1042.7,1067.75,12600390
2024-02-01,1072.65,1087.65,1056.8,1084.25,9756682
2024-02-02,1088.05,1096.2,1065,1067.05,8667415
2024-02-05,1067.05,1079.5,1058,1061.5,12569454
2024-02-06,1061.55,1065.1,1048.2,1050.05,8011171
2024-02-07,1061.05,1073.7,1057.5,1069.1,7281793
2024-02-08,1072,1075.6,1031.65,1035.9,9869141
2024-02-09,1039.95,1054.9,1034.55,1051.4,8233454
2024-02-12,1051.4,1057.25,1035.35,1046.7,8694379
2024-02-13,1051,1075.55,1044.8,1070.75,8413609
2024-02-14,1061.3,1100.9,1060.55,1096.85,16609115
2024-02-15,1097.5,1097.55,1069.25,1072.2,11780823
2024-02-16,1073,1076,1058,1068.75,8660907
2024-02-19,1069,1070,1060.1,1062.95,7562645
2024-02-20,1059,1090.5,1057.7,1088.6,8722800
2024-02-21,1093.85,1093.95,1073.1,1084.2,9177213
2024-02-22,1090.3,1110.7,1081.5,1100.9,14633340
2024-02-23,1099,1107.4,1090,1096.8,6250943
2024-02-26,1093.45,1094.8,1079.65,1085.2,5354189
2024-02-27,1081.65,1088.55,1072.05,1079.05,6546815
2024-02-28,1077.4,1085,1064.05,1074.2,7643191
2024-02-29,1071,1082.3,1055.35,1075.1,13648997
2024-03-01,1076,1101.7,1076,1099.25,4819390
2024-03-04,1099.25,1108.9,1093.1,1106.75,5895441
2024-03-05,1102.2,1110.9,1094.5,1100.8,4851446
2024-03-06,1100.2,1131.95,1095.35,1125,13787638
2024-03-07,1126,1126.9,1107.55,1111.45,6943879
2024-03-08,1111.45,1111.45,1111.45,1111.45,0
2024-03-11,1112.25,1120,1101.9,1105.1,6751641
2024-03-12,1105,1121.4,1084.25,1097,9817138
2024-03-13,1096,1099.55,1070.75,1080.4,11503890
2024-03-14,1075,1081.25,1055.6,1058.25,10253613
2024-03-15,1056.25,1056.25,1030.25,1046.4,17798175
2024-03-18,1044,1066.9,1043.6,1061.35,7612407
2024-03-19,1055.55,1060.95,1046.7,1050.8,6728886
2024-03-20,1050,1057.45,1030.95,1034.75,12619644
2024-03-21,1039.35,1050.55,1028.15,1035.6,9903738
2024-03-22,1040.1,1047.25,1029.95,1033.3,9891194
2024-03-25,1033.3,1033.3,1033.3,1033.3,0
2024-03-26,1029,1044.2,1027.5,1040.55,9656767
2024-03-27,1045.8,1057.55,1044.25,1052.85,17027308
2024-03-28,1052.85,1058.4,1044.1,1047.2,10235318
2024-03-29,1047.2,1047.2,1047.2,1047.2,0
2024-04-01,1052.35,1063.75,1048.9,1053.1,5484556
2024-04-02,1051,1055.85,1040.2,1047.2,13617893
2024-04-03,1043.8,1070.3,1043.75,1063.25,11573590
2024-04-04,1070,1080.7,1059.15,1062.95,17964844
2024-04-05,1061.1,1063,1048.1,1059.1,9210187
2024-04-08,1067,1079.45,1063.55,1076.05,4967186
2024-04-09,1090,1090,1071.35,1080,11385226
2024-04-10,1086.2,1093,1080,1087.8,9064074
2024-04-11,1087.8,1087.8,1087.8,1087.8,0
2024-04-12,1079.5,1096.4,1071.1,1073.45,18045983
2024-04-15,1063.1,1071,1055.25,1057.95,8889435
2024-04-16,1049.95,1057.85,1044.35,1051.9,7107881
2024-04-17,1051.9,1051.9,1051.9,1051.9,0
2024-04-18,1044.15,1051.4,1013.85,1024,17832438
2024-04-19,1015,1036.95,995.7,1029.1,21598007
2024-04-22,1039,1058.5,1032,1053.95,9410832
2024-04-23,1058,1060.25,1048.75,1055.75,8300012
2024-04-24,1056,1068.95,1056,1063.25,5641163
2024-04-25,1100,1133.95,1086.1,1127,46136295
2024-04-26,1130,1141.35,1123,1130.3,10133766
2024-04-29,1130.3,1164,1125.3,1159.25,15183242
2024-04-30,1160.15,1182.9,1155.15,1165.9,18965164
2024-05-01,1165.9,1165.9,1165.9,1165.9,0
2024-05-02,1156,1174,1148,1149.85,12302236
2024-05-03,1150.9,1163.25,1134.1,1141.5,9993632
2024-05-06,1143.9,1156,1135.65,1143.65,7490104
2024-05-07,1146.05,1148.8,1124.05,1127.7,7115509
2024-05-08,1124.65,1135.45,1118.25,1128.65,8175609
2024-05-09,1122,1134.55,1112.2,1115.65,5226693
2024-05-10,1123.7,1140,1113.35,1120.1,7242718
2024-05-13,1120.1,1135.4,1105.05,1132,5513160
2024-05-14,1129.95,1136.1,1118.1,1122.85,5471143
2024-05-15,1125.55,1131.2,1118.6,1128.05,5436338
2024-05-16,1134.15,1143.95,1111.3,1139.3,10750526
2024-05-17,1132,1146,1126.1,1141.35,9909986
2024-05-18,1142,1145,1137,1143.75,169757
2024-05-20,1141.35,1141.35,1141.35,1141.35,0
2024-05-21,1136,1145.75,1129.2,1137.65,8162017
2024-05-22,1142,1142,1117.95,1126,9094033
2024-05-23,1126,1169.65,1125.75,1165.25,12818081
2024-05-24,1165.5,1177,1160.6,1174,8814997
2024-05-27,1178.9,1196,1168,1187,10450046
2024-05-28,1188,1192.4,1179,1183.4,4018776
2024-05-29,1172,1185.9,1156,1159.75,9418064
2024-05-30,1155.2,1179.8,1155,1167.95,7232217
2024-05-31,1173,1178,1153.4,1162.15,10057642
2024-06-03,1197.05,1242.2,1193.4,1223.9,22197339
2024-06-04,1224,1224,1101.55,1131.25,24135989
2024-06-05,1138,1193,1110.7,1184.5,21039499
2024-06-06,1192.1,1195.9,1163.25,1170.95,12006879
2024-06-07,1178,1195.2,1166.75,1186.8,8583998
2024-06-10,1185,1212.4,1185,1200,9995057
2024-06-11,1204.45,1209.35,1190.45,1194.6,9390212
2024-06-12,1192.1,1206.15,1184.1,1187.9,7199718
2024-06-13,1201.8,1202,1173.45,1174.65,5321148
2024-06-14,1180.95,1184.65,1170,1181.05,4451031
2024-06-17,1181.05,1181.05,1181.05,1181.05,0
2024-06-18,1194,1194,1181.15,1191.9,6837181
2024-06-19,1193,1243.35,1185.5,1226.65,17987437
2024-06-20,1230.1,1241.5,1220.4,1239.5,8206858
2024-06-21,1246,1246,1223.75,1237.45,29311314
2024-06-24,1231,1235.75,1225.05,1228.1,6676530
2024-06-25,1234.45,1278.75,1226,1271.45,17607952
2024-06-26,1281.1,1292.95,1259.2,1285.4,13956370
2024-06-27,1310,1310,1280,1288.95,22311393
2024-06-28,1283.1,1289.9,1261.6,1265.25,7167069
2024-07-01,1273,1273,1256.45,1261.9,5797015
2024-07-02,1265,1267.85,1238.25,1253.4,9945447
2024-07-03,1260,1288.6,1243.6,1280,15171347
2024-07-04,1288,1293,1268.5,1280.9,4817380
2024-07-05,1272,1295.4,1270.9,1287.05,8593502
2024-07-08,1285,1297.4,1279.6,1287.85,4216951
2024-07-09,1284,1295,1279.2,1289.4,6930340
2024-07-10,1284.2,1294,1275.15,1291.65,9020489
2024-07-11,1301.05,1301.4,1276.95,1296.75,7848846
2024-07-12,1293.9,1339.65,1293.9,1317.3,11278987
2024-07-15,1316.7,1324.4,1305,1307.45,11537127
2024-07-16,1307.45,1318.45,1299.7,1304,5433264
2024-07-17,1304,1304,1304,1304,0
2024-07-18,1300,1318.6,1294.5,1309.4,6787511
2024-07-19,1305.65,1309,1288.2,1292.35,4496066
2024-07-22,1283.35,1292.35,1278.2,1282.5,6695557
2024-07-23,1288.5,1291.1,1251,1263.25,8789327
2024-07-24,1262.9,1267.35,1226.65,1239.25,10344860
2024-07-25,1200,1200,1155.5,1175.9,32979871
2024-07-26,1165,1183.15,1155.25,1177.35,18554648
2024-07-29,1182.35,1194.6,1163.65,1170.05,19598573
2024-07-30,1164.1,1180,1160.2,1170,18090045
2024-07-31,1157,1171,1154,1166.1,17347076
2024-08-01,1168,1175.65,1165.45,1172.3,11190500
2024-08-02,1164,1167.8,1156.1,1160.85,10581445
2024-08-05,1142,1151.45,1124.3,1133.5,12013362
2024-08-06,1140,1151,1123.1,1126.1,8571122
2024-08-07,1138.8,1144.8,1127,1136.8,8370312
2024-08-08,1133.1,1142.8,1126,1138.15,7903428
2024-08-09,1152,1155.7,1139.95,1142.75,6262086
2024-08-12,1146,1169.1,1135.85,1164.3,9078384
2024-08-13,1161.35,1179.6,1155.4,1159.6,6180463
2024-08-14,1159,1159,1148.65,1153.1,5021841
2024-08-15,1153.1,1153.1,1153.1,1153.1,0
2024-08-16,1166.4,1170,1149.6,1166.85,6107134
2024-08-19,1169,1171.3,1150.2,1153.25,6691823
2024-08-20,1158,1177,1154.65,1168,6721749
2024-08-21,1166.6,1178,1161.5,1174.4,9480630
2024-08-22,1179.7,1181,1168.95,1169.95,5841326
2024-08-23,1170,1173.95,1163.5,1165.95,5121962
2024-08-26,1171.7,1175.25,1166.1,1170.3,3392612
2024-08-27,1170,1184.85,1164.25,1181.25,8702113
2024-08-28,1177,1181.7,1169.35,1170.95,5483503
2024-08-29,1169,1179.9,1163.4,1175.4,7290114
2024-08-30,1177,1182.95,1171.85,1175.25,10190506
2024-09-02,1176,1194,1174.1,1188.8,6432362
2024-09-03,1188,1193.55,1176.7,1191.6,7920246
2024-09-04,1182.7,1189.65,1173.3,1177.7,6527941
2024-09-05,1182,1182.85,1173.45,1180.55,4234766
2024-09-06,1176,1181.35,1150.8,1158.75,9874576
2024-09-09,1158,1175.6,1145,1170.85,7700940
2024-09-10,1178.9,1190.85,1173.35,1187.2,8723854
2024-09-11,1187.2,1194.85,1181,1186.1,6000329
2024-09-12,1190.1,1205.7,1176.75,1203.35,7592871
2024-09-13,1209.9,1219.55,1201,1217.45,6762566
2024-09-16,1222,1234,1215,1231.05,4039284
2024-09-17,1235.2,1240.6,1227.6,1232.1,8030427
2024-09-18,1231.9,1250.4,1225,1240.45,8210034
2024-09-19,1248.45,1261.7,1239,1242.7,8449864
2024-09-20,1244,1250,1229.9,1245,15009629
2024-09-23,1251.5,1252.45,1240.55,1246.8,5462814
2024-09-24,1241.1,1247.1,1235.35,1239.55,9225946
2024-09-25,1238,1271,1231.1,1268.1,6853324
2024-09-26,1267.55,1281.65,1262.25,1277.1,7270078
2024-09-27,1273,1281.55,1257.25,1273.15,13372027
2024-09-30,1263.5,1275,1229.35,1232.2,8466919
2024-10-01,1228.1,1242.95,1224.65,1226.65,11164280
2024-10-02,1226.65,1226.65,1226.65,1226.65,0
2024-10-03,1207.5,1219.15,1173.1,1175.7,17300892
2024-10-04,1175.5,1202.8,1174,1178.4,13064515
2024-10-07,1182.95,1184.85,1130.9,1145.7,20047013
2024-10-08,1153,1168.35,1142.5,1153.3,8464570
2024-10-09,1154,1185,1154,1170.15,9807734
2024-10-10,1177,1191,1175.05,1184.25,6806243
2024-10-11,1182.5,1188.2,1166,1172.45,4754158
2024-10-14,1171.55,1175,1156.6,1164.35,9765296
2024-10-15,1166.1,1172,1149.5,1153.85,8741516
2024-10-16,1151,1162.95,1148.1,1153.2,7739854
2024-10-17,1151,1151.35,1124,1131.85,6595231
2024-10-18,1158,1203.85,1156.05,1196.85,20829666
2024-10-21,1196.85,1214.8,1185.55,1190.3,7456038
2024-10-22,1194.25,1198,1173.35,1175.75,7256246
2024-10-23,1175.1,1183.15,1158.65,1160.4,6501834
2024-10-24,1165,1175.2,1154.65,1167.35,5046700
2024-10-25,1187,1201.75,1170,1189.35,12798716
2024-10-28,1194,1194,1167.05,1171.6,8572243
2024-10-29,1176.4,1191.2,1157.6,1186.85,9908946
2024-10-30,1178.75,1187.65,1164.3,1170.4,9686560
2024-10-31,1165.5,1178,1153.85,1159.55,8682294
2024-11-01,1164.05,1172.5,1164,1169.55,460781
2024-11-04,1172,1176.95,1135.45,1139.25,9288653
2024-11-05,1138.95,1174.9,1133.45,1171.7,11701049
2024-11-06,1171.8,1183.55,1161.45,1166.5,10353506
2024-11-07,1168.6,1172.9,1151.05,1159.9,6252889
2024-11-08,1156,1167.75,1151.1,1160.95,3786168
2024-11-11,1152,1176.8,1142.95,1171,6620678
2024-11-12,1171.65,1187,1153.8,1158.15,9606088
2024-11-13,1151.9,1165.5,1135.1,1139.15,8079113
2024-11-14,1137.55,1150.75,1131.6,1140.7,5975873
2024-11-15,1140.7,1140.7,1140.7,1140.7,0
2024-11-18,1131.2,1135,1121.55,1126.2,9474971
2024-11-19,1130,1139,1122.05,1133.95,19225966
2024-11-20,1133.95,1133.95,1133.95,1133.95,0
2024-11-21,1138,1152,1115.75,1139.15,8126248
2024-11-22,1136.65,1147.9,1127.55,1142.4,16687505
2024-11-25,1160,1164.5,1142,1155.9,12385823
2024-11-26,1157.1,1159.6,1142.65,1144.8,5127437
2024-11-27,1145.2,1155.45,1133.55,1149.65,5989943
2024-11-28,1148.5,1154.45,1129.4,1132.5,10731275
2024-11-29,1133.55,1140.9,1127.7,1136.3,6406277
2024-12-02,1132.7,1141.4,1126.6,1137.1,4785858
2024-12-03,1144.4,1164.9,1138,1160.5,8382042
2024-12-04,1157.5,1168,1153.9,1159.45,18379798
2024-12-05,1164,1176.9,1150.1,1166.4,10640451
2024-12-06,1167.5,1193.85,1160,1184.55,7542210
2024-12-09,1184.25,1186,1161,1163.25,6308112
2024-12-10,1157,1165.05,1151.25,1153.65,4714389
2024-12-11,1150,1158.35,1144.55,1147.25,7788242
2024-12-12,1145,1154.55,1143.6,1145.65,4825283
2024-12-13,1141,1152.7,1113.65,1148.15,8731618
2024-12-16,1146.5,1155,1141.75,1150.9,3975202
2024-12-17,1145.25,1151.85,1130,1136.25,7292817
2024-12-18,1136.2,1139.9,1115.95,1122.25,7222127
2024-12-19,1104.9,1119.05,1101.05,1108.9,11677610
2024-12-20,1103.95,1105.85,1065,1071.85,12623056
2024-12-23,1075.1,1083.55,1072.4,1079.15,3886921
2024-12-24,1077.3,1084.75,1076,1078.9,4343694
2024-12-25,1078.9,1078.9,1078.9,1078.9,0
2024-12-26,1083,1092.6,1072.75,1076.7,4775460
2024-12-27,1078.1,1086.25,1076,1077.45,3801667
2024-12-30,1074.1,1096.5,1063.95,1069.95,9452155
2024-12-31,1062,1070.45,1058.5,1064.7,5292136
