date,open,high,low,close,volume
2019-01-01,514.42645,515.36365,507.50037,512.48346,9746670
2019-01-02,509.5119,515.2265,503.34015,505.80887,15628818
2019-01-03,506.31174,509.55762,498.35706,499.56854,16288287
2019-01-04,501.69437,504.9174,494.24255,502.2658,18516544
2019-01-07,506.08316,511.31772,503.34015,505.05453,12060290
2019-01-08,505.21454,507.4318,501.05432,505.00882,12304389
2019-01-09,508.369,510.65482,502.28867,507.79752,12614237
2019-01-10,506.42603,507.91183,504.2545,506.31174,8925160
2019-01-11,506.35745,509.1919,497.6713,501.99152,14139060
2019-01-14,500.59717,503.11157,496.66553,501.42007,8994060
2019-01-15,505.16882,517.5123,505.16882,516.438,22011407
2019-01-16,518.8838,523.4555,516.758,519.2953,13961606
2019-01-17,523.20404,524.78125,516.59796,518.6324,16379077
2019-01-18,525.1927,543.98224,518.9981,541.44495,56181172
2019-01-21,545.8566,566.8634,543.41077,565.8348,48206814
2019-01-22,563.61755,570.0636,557.56006,564.669,36207430
2019-01-23,563.82324,568.8064,558.6573,560.6231,19313542
2019-01-24,560.0288,572.9209,557.7887,570.2922,28775487
2019-01-25,571.6637,578.1783,564.7833,569.6293,18703992
2019-01-28,571.6865,574.1781,558.84015,562.1089,18744303
2019-01-29,562.7718,563.069,549.2168,553.46844,20405845
2019-01-30,555.45715,560.0288,544.5308,546.6338,17164298
2019-01-31,549.514,562.1775,549.0568,561.0117,22279301
2019-02-01,564.1433,573.7438,560.966,571.43506,20187323
2019-02-04,570.0864,592.92194,567.8235,590.15607,25528059
2019-02-05,590.65894,596.3278,584.5329,590.4532,20479210
2019-02-06,592.60187,602.38525,591.68756,599.0022,20586783
2019-02-07,599.0022,604.0082,587.9617,589.9275,20150710
2019-02-08,587.3673,594.54486,581.6299,584.12146,14230054
2019-02-11,583.2986,583.3443,571.9151,572.9437,16457901
2019-02-12,572.1437,581.6756,572.1437,574.3838,13998153
2019-02-13,576.48676,582.4071,564.9433,569.60645,15233058
2019-02-14,567.34344,567.34344,556.8286,559.663,14496604
2019-02-15,562.2003,571.41223,554.99994,568.92065,20994460
2019-02-18,571.45795,572.6009,555.45715,557.7887,21106139
2019-02-19,556.8286,566.74915,553.7199,555.96,13658461
2019-02-20,559.50305,566.8863,557.28577,564.3033,13776558
2019-02-21,565.0576,575.02386,562.01746,570.0407,23142949
2019-02-22,568.98926,569.30927,560.48596,563.389,19152470
2019-02-25,565.0576,568.2578,558.0401,563.3661,17176522
2019-02-26,552.9427,564.50903,551.34265,557.85724,22160532
2019-02-27,561.42316,569.1264,552.7141,559.343,24308835
2019-02-28,564.029,566.8177,560.73737,562.7946,24688859
2019-03-01,565.5148,567.96063,558.7716,560.5088,17329606
2019-03-04,560.5088,560.5088,560.5088,560.5088,0
2019-03-05,559.2973,566.79486,557.1029,565.81195,15577500
2019-03-06,566.79486,582.0185,564.6462,578.224,26332276
2019-03-07,577.8583,585.0815,575.18384,580.7156,17738092
2019-03-08,578.7955,582.6357,576.944,579.2755,13211934
2019-03-11,580.62415,599.80225,579.68695,596.1907,21258869
2019-03-12,602.04236,609.8599,600.8309,608.64844,24561597
2019-03-13,611.23145,621.7462,607.16266,615.94025,24577591
2019-03-14,617.0603,622.6606,610.81995,613.3115,22753310
2019-03-15,614.88873,621.19763,599.4365,604.2139,34764353
2019-03-18,608.4884,620.8091,607.5741,617.19745,22104063
2019-03-19,621.7462,630.8896,614.02014,629.3124,21448030
2019-03-20,629.8838,634.5469,623.5749,628.80945,21639437
2019-03-21,628.80945,628.80945,628.80945,628.80945,0
2019-03-22,627.4608,631.301,611.0943,613.40295,25078643
2019-03-25,608.30554,611.16284,601.9509,605.49396,17394088
2019-03-26,608.1684,627.0494,608.03125,625.0607,20734876
2019-03-27,629.9524,629.9524,614.5459,616.8317,22079870
2019-03-28,617.2889,626.2265,613.883,621.7462,22930248
2019-03-29,626.34076,629.4495,619.5061,623.23206,16841289
2019-04-01,626.31793,643.1416,622.91205,636.307,22088854
2019-04-02,639.1186,641.45013,630.9353,635.3241,17526740
2019-04-03,636.71844,641.4044,627.23224,628.6952,17169813
2019-04-04,630.43243,632.5811,615.91736,618.569,18320845
2019-04-05,622.18054,623.5292,613.9744,618.9575,14717266
2019-04-08,619.9176,620.60333,605.1511,607.68835,19081843
2019-04-09,607.5284,612.9229,603.91675,610.0657,20774977
2019-04-10,611.6657,616.26025,606.43115,608.67126,16651949
2019-04-11,609.3799,618.5461,607.5741,615.7117,12558520
2019-04-12,617.17456,620.32904,611.0714,614.02014,12948769
2019-04-15,614.88873,616.6946,610.3171,612.6715,9285737
2019-04-16,614.88873,621.7462,612.6029,614.3173,17360317
2019-04-17,614.3173,614.3173,614.3173,614.3173,0
2019-04-18,628.60376,635.3469,624.0321,633.60974,39286534
2019-04-19,633.60974,633.60974,633.60974,633.60974,0
2019-04-22,621.7462,624.9464,613.1972,615.04877,23607922
2019-04-23,616.26025,627.6894,615.34595,623.50635,19807450
2019-04-24,626.4551,637.65564,624.6035,635.23267,16101112
2019-04-25,635.0498,645.7018,622.9349,627.4151,30469914
2019-04-26,628.60376,638.1814,626.63794,636.7413,15069884
2019-04-29,636.7413,636.7413,636.7413,636.7413,0
2019-04-30,638.3871,638.3871,624.855,636.7413,22348580
2019-05-01,636.7413,636.7413,636.7413,636.7413,0
2019-05-02,636.37555,646.3875,631.8496,642.3416,18992003
2019-05-03,643.66736,648.0333,641.2444,644.0788,14240262
2019-05-06,639.1186,641.313,630.02094,633.1297,15832114
2019-05-07,637.65564,637.7471,612.69434,614.203,19417647
2019-05-08,612.6029,612.6029,590.75037,594.0648,31958919
2019-05-09,589.196,589.196,572.258,574.4067,42670173
2019-05-10,578.3154,584.12146,569.1721,571.9837,24557430
2019-05-13,570.4979,576.3953,561.1717,563.25183,17603659
2019-05-14,565.2862,580.30414,563.00037,576.23535,28438234
2019-05-15,581.9728,584.2586,571.73224,574.61237,24419559
2019-05-16,576.0068,581.4699,575.161,578.47546,14451308
2019-05-17,579.2298,583.77856,572.37225,579.41266,17276949
2019-05-20,600.53375,611.55145,595.9163,606.15686,26979100
2019-05-21,609.03705,624.9464,608.05414,612.5115,30343560
2019-05-22,615.1859,621.6091,610.3628,612.78577,24689918
2019-05-23,627.23224,636.37555,605.7454,609.8142,38766006
2019-05-24,616.26025,618.9118,601.8595,611.16284,22269265
2019-05-27,611.27716,611.46,597.5164,599.18506,16076686
2019-05-28,603.36816,610.22565,600.41943,605.17395,42594251
2019-05-29,603.91675,609.5399,596.2135,600.2823,15558515
2019-05-30,601.74524,613.5173,601.74524,607.917,23494381
2019-05-31,611.6429,613.47156,603.551,608.09985,25724066
2019-06-03,610.3171,625.0607,604.0082,621.8377,18556942
2019-06-04,620.58044,628.26086,616.30597,617.9289,15442761
2019-06-05,617.9289,617.9289,617.9289,617.9289,0
2019-06-06,622.61487,622.61487,603.96246,606.81976,16764835
2019-06-07,606.17975,606.77405,596.8764,601.12805,14722419
2019-06-10,603.87103,606.6597,598.93365,603.071,11768468
2019-06-11,604.30536,610.0885,602.5453,607.64264,11492074
2019-06-12,610.17993,611.87146,605.7454,609.01416,10297599
2019-06-13,608.03125,610.17993,598.27075,606.77405,15686169
2019-06-14,604.3282,605.7454,598.61365,602.33954,14942768
2019-06-17,603.4596,603.4596,584.4872,586.2244,14908257
2019-06-18,584.67004,588.80743,580.1898,585.6301,16797371
2019-06-19,588.3274,595.2306,577.21826,583.9614,14492763
2019-06-20,585.1729,594.3163,584.2586,592.83044,10748848
2019-06-21,592.4647,592.4876,583.13855,584.94434,23236832
2019-06-24,581.58417,583.55,574.70386,577.12683,11267228
2019-06-25,575.52673,593.4019,573.4009,592.419,14966899
2019-06-26,590.2018,596.41925,588.0759,591.64185,11593027
2019-06-27,591.1847,592.89905,581.0584,582.49854,24905533
2019-06-28,583.84717,586.4759,570.84076,572.8752,18942165
2019-07-01,575.1381,581.81274,569.835,580.07556,13478857
2019-07-02,582.4071,585.6301,577.53827,584.4872,10146746
2019-07-03,586.4987,588.14453,582.91,586.3387,8806492
2019-07-04,585.813,590.2018,585.1729,587.0016,9351405
2019-07-05,587.50446,589.9732,576.0296,577.5611,10926753
2019-07-08,575.1153,579.73267,570.6351,572.39514,14009219
2019-07-09,570.9779,586.773,569.4007,585.2186,17535754
2019-07-10,585.1958,589.44745,580.00696,584.6472,12018196
2019-07-11,588.3731,589.6532,584.8529,585.88153,8608376
2019-07-12,586.54443,594.3163,584.28143,585.40155,15692436
2019-07-15,587.45874,589.516,580.7613,583.39,10659498
2019-07-16,585.1501,591.98474,583.8243,591.1161,10070773
2019-07-17,591.7104,592.94476,585.1729,586.0187,9482233
2019-07-18,586.0873,588.0988,575.1153,576.87537,11942908
2019-07-19,579.7784,581.9499,568.1206,571.0008,16336536
2019-07-22,571.9151,587.23016,561.08026,585.40155,29092589
2019-07-23,587.45874,591.5275,576.21246,582.22424,20316348
2019-07-24,582.20135,584.6243,573.0809,575.61816,15189179
2019-07-25,577.8583,580.167,560.9431,563.00037,21805071
2019-07-26,563.00037,568.0292,553.17126,554.9085,20387504
2019-07-29,556.32574,558.6573,550.93115,553.6056,17626045
2019-07-30,554.9771,557.743,537.6048,539.86774,20853117
2019-07-31,537.51337,541.7421,531.41016,533.1703,21229950
2019-08-01,531.8673,543.2051,525.9013,539.5706,22628222
2019-08-02,537.4905,547.79956,531.273,541.44495,23766807
2019-08-05,533.5131,533.5131,515.68365,522.7012,30399133
2019-08-06,518.76953,525.5585,512.9407,515.8208,29067994
2019-08-07,514.9979,520.5068,504.3002,507.18036,25349369
2019-08-08,506.70032,529.3986,500.7343,526.8157,31198568
2019-08-09,531.15875,537.39905,526.7928,531.273,21970009
2019-08-12,531.273,531.273,531.273,531.273,0
2019-08-13,563.7547,595.5963,560.48596,582.7728,104827144
2019-08-14,596.14496,596.35065,585.33295,588.9446,31688983
2019-08-15,588.9446,588.9446,588.9446,588.9446,0
2019-08-16,590.2932,590.5675,581.9728,584.2586,21977767
2019-08-19,585.65295,592.85333,585.1729,590.9332,16317602
2019-08-20,589.6532,590.9332,581.7899,583.3214,14969299
2019-08-21,583.18427,584.5558,579.0012,581.0356,10677848
2019-08-22,581.0356,581.0584,566.3834,569.97217,14031953
2019-08-23,566.42914,587.0016,560.71454,583.2757,21307915
2019-08-26,591.57324,591.57324,575.57245,579.13837,19202504
2019-08-27,587.45874,587.45874,576.5782,582.81854,28401906
2019-08-28,582.3157,585.6301,574.2238,577.53827,11605488
2019-08-29,574.4067,576.1439,564.7376,567.68634,18890222
2019-08-30,569.4007,573.4695,558.20013,570.79504,24735240
2019-09-02,570.79504,570.79504,570.79504,570.79504,0
2019-09-03,567.9149,568.2578,548.5996,551.5255,18730619
2019-09-04,548.8511,550.99976,542.22217,549.12537,32949395
2019-09-05,551.7084,554.6342,545.5366,547.9596,22995486
2019-09-06,549.9711,561.8575,546.4281,558.88586,23186819
2019-09-09,558.0401,563.6861,554.6114,558.7487,11747929
2019-09-10,558.7487,558.7487,558.7487,558.7487,0
2019-09-11,558.88586,566.8863,558.88586,564.3262,12127900
2019-09-12,564.60046,567.092,551.2055,553.3313,11880005
2019-09-13,554.08563,561.62885,551.7541,560.3031,12947715
2019-09-16,543.5708,557.3315,542.245,553.51416,20547730
2019-09-17,553.6285,553.6285,545.62805,547.43384,15640772
2019-09-18,550.8626,556.05145,547.3196,551.2055,14933909
2019-09-19,552.18835,553.0341,536.0961,539.022,13766222
2019-09-20,543.09076,580.55554,536.85046,573.4466,48165560
2019-09-23,582.49854,585.6301,564.60046,566.52057,21610844
2019-09-24,568.5321,593.76764,568.1435,584.5786,34958974
2019-09-25,587.0016,592.03046,580.07556,584.9672,18192270
2019-09-26,590.65894,593.76764,586.773,592.85333,18350457
2019-09-27,590.8875,601.17377,587.0016,598.4536,19058663
2019-09-30,598.88794,610.66,596.8535,609.0599,25263770
2019-10-01,611.23145,613.5173,591.25323,596.5564,17920384
2019-10-02,596.5564,596.5564,596.5564,596.5564,0
2019-10-03,587.91595,601.0366,585.7673,599.368,13524851
2019-10-04,603.4139,607.39124,596.07635,598.0193,14992253
2019-10-07,598.0193,603.8253,595.09344,598.93365,10061584
2019-10-08,598.93365,598.93365,598.93365,598.93365,0
2019-10-09,598.29364,608.0084,590.8875,605.6311,17588647
2019-10-10,605.7454,625.8607,603.91675,623.0035,35006390
2019-10-11,623.43774,624.3064,611.0257,618.3632,16597126
2019-10-14,624.0092,624.0092,617.5632,620.8319,13394275
2019-10-15,622.88916,626.31793,619.1404,623.6435,9672791
2019-10-16,626.2722,630.72955,623.43774,627.3923,19403660
2019-10-17,628.60376,639.57574,627.23224,638.4328,16038940
2019-10-18,641.8616,652.78784,639.4386,647.50757,28121951
2019-10-21,647.50757,647.50757,647.50757,647.50757,0
2019-10-22,651.46204,656.87946,641.5644,646.50183,27786502
2019-10-23,647.48474,651.89636,632.32965,636.5584,18446160
2019-10-24,640.49005,658.9596,633.88403,656.6966,22642488
2019-10-25,658.82245,658.9824,645.176,654.2965,13539957
2019-10-27,658.77673,660.6054,653.74786,655.69086,3014841
2019-10-28,654.2965,654.2965,654.2965,654.2965,0
2019-10-29,660.834,676.6062,659.2796,670.6859,25768505
2019-10-30,676.6062,678.68634,667.60004,676.19476,16341366
2019-10-31,678.4349,681.0179,668.24005,669.45154,19463741
2019-11-01,665.17706,668.28577,658.77673,666.04565,13904301
2019-11-04,670.16016,672.4917,660.6511,666.38855,14063434
2019-11-05,668.8801,671.5545,658.77673,661.65686,12685356
2019-11-06,659.5539,661.26825,653.06213,655.988,14625505
2019-11-07,656.03375,668.83435,654.75366,666.8229,14084039
2019-11-08,662.4341,667.30286,658.9139,660.834,12019353
2019-11-11,657.9081,660.2625,650.342,652.7421,11357841
2019-11-12,652.7421,652.7421,652.7421,652.7421,0
2019-11-13,653.74786,674.7318,653.74786,673.086,25225749
2019-11-14,674.7775,677.33765,665.5428,668.7201,14258133
2019-11-15,670.0459,679.71497,668.90295,672.42316,15691605
2019-11-18,673.24603,679.3492,665.3599,667.09717,14076051
2019-11-19,670.663,692.56134,669.7487,690.2069,30176255
2019-11-20,710.91656,718.8484,705.49915,707.5335,43538120
2019-11-21,706.322,711.3508,698.80164,702.93896,14897371
2019-11-22,704.9962,717.5226,702.93896,707.00775,22352865
2019-11-25,709.1336,715.3739,709.065,713.8881,15146156
2019-11-26,716.88257,720.6542,711.3508,713.2938,35330983
2019-11-27,713.1567,720.2656,711.39655,717.6826,9642739
2019-11-28,718.96265,724.2201,714.98535,722.46,13747479
2019-11-29,723.2143,723.2143,707.62494,709.1336,18559594
2019-12-02,731.4662,738.0722,720.95135,725.29443,31225364
2019-12-03,728.15173,728.72314,718.9398,721.81995,12990426
2019-12-04,719.1227,721.17993,701.1789,709.8422,20987607
2019-12-05,719.57983,722.20856,705.86487,708.99646,19942460
2019-12-06,709.9794,716.83685,704.53906,710.84796,13085234
2019-12-09,711.41943,721.1342,707.00775,718.9398,12642677
2019-12-10,718.68835,719.397,710.50507,714.071,10173333
2019-12-11,711.16797,719.8084,708.88214,714.27673,12364641
2019-12-12,717.8655,719.5113,711.648,716.9283,10326606
2019-12-13,722.3228,726.89453,718.8484,723.6486,12668303
2019-12-16,727.80884,728.6774,715.1682,716.19684,11892718
2019-12-17,716.2654,721.86566,711.14514,714.4139,20324601
2019-12-18,714.551,722.3228,714.0939,720.4256,14742077
2019-12-19,719.4427,738.27795,718.5741,736.01495,20507816
2019-12-20,738.32367,739.48944,729.6832,731.05475,21271510
2019-12-23,713.2252,721.20276,712.17377,718.39124,25107772
2019-12-24,717.2483,718.68835,705.1791,706.9849,18048449
2019-12-25,706.9849,706.9849,706.9849,706.9849,0
2019-12-26,704.7905,709.9565,690.3898,692.7899,29761019
2019-12-27,698.093,706.8706,695.4872,705.11053,17677571
2019-12-30,706.75635,707.5335,698.57306,705.9563,17123749
2019-12-31,704.9505,705.7277,689.42975,692.1727,22203005
2020-01-01,693.9785,698.13873,688.264,690.1383,14004468
2020-01-02,691.23553,704.4705,691.23553,701.8875,17710316
2020-01-03,700.836,704.7905,696.26434,702.7333,20984698
2020-01-06,694.8929,698.50446,684.8352,686.4353,24519177
2020-01-07,694.43567,701.5218,691.92126,696.99585,16683622
2020-01-08,692.60706,701.4989,690.3212,691.7613,16047902
2020-01-09,703.3962,708.60785,700.036,707.69354,14982742
2020-01-10,709.47644,712.2423,703.87616,707.5335,12478359
2020-01-13,706.3449,712.5852,703.30475,705.7277,18282382
2020-01-14,704.0362,708.60785,695.73865,699.19025,15816535
2020-01-15,702.139,703.9905,694.09283,696.65295,15817859
2020-01-16,699.0074,705.5677,698.5502,703.0761,12847975
2020-01-17,710.20795,724.5858,710.0708,722.78,29463471
2020-01-20,735.5807,735.5807,697.8187,700.5389,32545850
2020-01-21,698.8245,706.71063,695.8072,701.2475,18922720
2020-01-22,705.86487,707.1221,699.9674,700.99603,10322817
2020-01-23,702.4361,704.9277,695.2129,698.0245,11247739
2020-01-24,698.093,702.36755,694.23,695.6015,14628445
2020-01-27,692.56134,696.92725,688.03534,688.74396,13387750
2020-01-28,689.68115,690.3212,669.1087,672.8346,24532236
2020-01-29,673.88605,683.1894,669.3144,676.53766,24746565
2020-01-30,676.14905,676.46906,658.3196,660.03394,22402689
2020-01-31,664.2627,664.377,643.3245,645.3589,34750310
2020-02-01,642.4559,652.3535,626.8208,632.4211,24111356
2020-02-03,626.2722,640.0101,623.1406,633.404,30712290
2020-02-04,640.0329,654.8908,639.02716,652.1021,25383901
2020-02-05,655.988,664.17126,653.8851,662.20544,18472100
2020-02-06,664.7656,670.663,658.3653,666.4571,15538577
2020-02-07,663.3484,663.9656,652.9707,655.41656,12209212
2020-02-10,652.83356,660.834,644.8103,656.30804,15142476
2020-02-11,661.7026,670.2973,660.62823,664.14844,13999816
2020-02-12,665.7028,674.25183,665.17706,672.1717,13533565
2020-02-13,675.5776,675.5776,668.6515,673.93176,13565659
2020-02-14,675.349,686.4124,664.3084,680.0807,21227841
2020-02-17,680.7207,688.5611,674.00037,675.80615,13149130
2020-02-18,674.7318,674.7318,666.27423,670.8459,11127161
2020-02-19,676.309,688.69824,674.3661,687.48676,14084409
2020-02-20,684.37805,689.40686,678.34344,679.32635,16892268
2020-02-21,679.32635,679.32635,679.32635,679.32635,0
2020-02-24,671.9202,675.2347,658.11383,660.5825,21370214
2020-02-25,663.53125,663.53125,644.60455,647.53046,27745062
2020-02-26,644.60455,645.6789,634.24976,636.37555,29362748
2020-02-27,634.5469,637.1985,625.8607,633.7469,25054993
2020-02-28,619.4147,620.37476,605.7454,607.41406,39315769
2020-03-02,619.5061,625.8607,594.81915,601.6995,29500495
2020-03-03,607.8941,618.9575,604.3739,613.9058,27398798
2020-03-04,618.0889,618.9118,597.92786,612.46576,22105261
2020-03-05,618.18036,620.8091,597.05927,599.4137,30510390
2020-03-06,580.60126,588.89886,567.38916,581.0584,33734039
2020-03-09,566.9091,567.34344,500.59717,509.3519,88187018
2020-03-10,509.3519,509.3519,509.3519,509.3519,0
2020-03-11,506.5403,538.7477,506.5403,527.36426,59578576
2020-03-12,496.0255,503.34015,479.43036,485.96783,55970485
2020-03-13,456.252,521.1696,430.8336,505.30597,73297403
2020-03-16,484.84778,493.6025,459.45218,464.34387,38482258
2020-03-17,478.76746,484.59634,458.6293,460.8237,45445979
2020-03-18,468.73267,473.57864,439.33688,442.76562,44730415
2020-03-19,420.63876,442.07986,407.88382,419.54156,61404010
2020-03-20,429.50778,473.12146,425.1647,465.3725,63360475
2020-03-23,418.8558,434.30804,400.31772,404.15793,40670949
2020-03-24,425.1647,443.45135,409.52963,431.29074,45734887
2020-03-25,440.61694,526.4499,440.3655,494.76828,73130298
2020-03-26,500.9629,510.6091,476.52734,487.43076,45744488
2020-03-27,500.59717,506.2203,478.28745,487.15646,41657940
2020-03-30,475.72733,491.3624,466.3097,471.08707,30229866
2020-03-31,490.97382,516.50653,479.11035,509.16904,44292810
2020-04-01,513.05493,514.1293,477.8303,493.9454,41597459
2020-04-02,493.9454,493.9454,493.9454,493.9454,0
2020-04-03,518.6324,518.6324,482.90482,492.57388,41367807
2020-04-06,492.57388,492.57388,492.57388,492.57388,0
2020-04-07,503.84305,554.99994,502.883,551.38837,54373624
2020-04-08,539.4563,561.8575,530.313,545.01086,49880330
2020-04-09,554.99994,563.59467,545.3995,557.7201,33032857
2020-04-10,557.7201,557.7201,557.7201,557.7201,0
2020-04-13,550.40546,555.45715,539.4563,543.6394,23673784
2020-04-14,543.6394,543.6394,543.6394,543.6394,0
2020-04-15,547.251,565.0576,522.54114,525.6727,35321842
2020-04-16,525.6727,542.8622,523.4555,533.99316,37455706
2020-04-17,555.9143,562.31464,545.23944,559.5716,33269335
2020-04-20,560.48596,574.6581,549.514,568.62354,36030932
2020-04-21,553.17126,572.37225,532.14166,565.6748,61371628
2020-04-22,603.4596,633.1297,594.3163,623.392,142683366
2020-04-23,625.10645,633.564,618.6832,626.7294,65464502
2020-04-24,617.24316,683.44086,615.89453,647.80475,134986308
2020-04-27,655.57654,674.3204,650.5477,653.6336,58482901
2020-04-28,662.89124,665.38275,636.44415,652.90216,78453401
2020-04-29,660.5597,664.5599,649.1762,652.3535,37494672
2020-04-30,664.697,683.44086,657.4281,670.2059,71345899
2020-05-01,670.2059,670.2059,670.2059,670.2059,0
2020-05-04,658.3196,669.7487,648.01044,656.1252,53456868
2020-05-05,664.58276,676.14905,661.61115,667.76,44903763
2020-05-06,669.29156,678.8692,660.834,667.8058,40489094
2020-05-07,665.17706,691.98987,660.6054,688.9268,50026966
2020-05-08,706.322,722.2771,702.7104,714.00244,84262770
2020-05-11,722.3228,738.32367,718.8027,720.8599,67085063
2020-05-12,715.3739,716.9969,669.7487,676.2633,100683202
2020-05-13,704.71027,704.71027,671.02075,690.61145,66430125
2020-05-14,677.94324,690.7268,659.96783,662.6907,49266771
2020-05-15,666.40576,676.88184,653.0684,673.5129,62152260
2020-05-18,678.4048,683.94275,659.0218,664.9059,62796089
2020-05-19,672.4053,674.57434,647.5997,650.2071,42315854
2020-05-20,650.7148,667.72107,642.86926,661.65234,55320985
2020-05-21,662.25226,674.4589,657.63727,665.13666,39167981
2020-05-22,670.0055,672.86676,658.3295,660.6601,37828973
2020-05-25,660.6601,660.6601,660.6601,660.6601,0
2020-05-26,668.321,669.0363,653.6222,657.19885,33216635
2020-05-27,660.40625,671.02075,651.63776,667.1211,35667956
2020-05-28,671.48224,682.90436,668.71326,679.4431,40126278
2020-05-29,677.48175,679.32776,670.39777,675.8204,40022527
2020-06-01,683.0198,709.9483,681.1507,701.6413,39943702
2020-06-02,704.2488,710.7098,701.84894,708.7253,22153960
2020-06-03,713.0173,719.93976,707.64075,711.47125,25381289
2020-06-04,712.5557,733.554,711.17126,729.07745,34202350
2020-06-05,736.0922,746.7067,726.26227,729.9543,33076685
2020-06-08,746.89136,746.89136,722.24725,724.324,31414953
2020-06-09,720.0782,730.55426,707.47925,709.3945,25857161
2020-06-10,712.1404,728.9621,710.73285,725.547,22132647
2020-06-11,722.70874,723.60864,706.5563,709.6483,20385805
2020-06-12,692.24976,735.16925,690.86523,733.23096,38548899
2020-06-15,722.24725,750.83716,720.4474,745.11456,53107403
2020-06-16,758.24426,760.80554,731.61566,746.5683,51187003
2020-06-17,742.2071,754.7599,739.3689,745.48376,41782053
2020-06-18,741.63025,768.3972,740.98413,764.1976,40471557
2020-06-19,770.7047,825.5309,767.01276,811.9628,105804173
2020-06-22,818.4238,832.638,800.7022,805.84796,60198705
2020-06-23,807.6247,813.97034,791.97986,794.19507,37962078
2020-06-24,801.11755,818.10077,789.9493,797.40247,51586221
2020-06-25,797.0102,807.1632,790.57227,792.81055,39679374
2020-06-26,797.84094,808.5477,792.3952,803.7712,30921913
2020-06-29,797.4948,802.89435,791.7261,795.23346,25621946
2020-06-30,801.62524,803.4712,782.49603,786.4419,30276420
2020-07-01,793.7797,807.1632,788.2648,801.9021,28464103
2020-07-02,804.3942,815.74713,800.7253,812.40125,28789533
2020-07-03,821.3774,827.46924,815.9317,825.11554,29434266
2020-07-06,833.0072,857.4667,827.05383,854.6054,47016185
2020-07-07,858.3897,860.3972,833.6072,841.52185,35189589
2020-07-08,841.79877,846.8291,826.0847,829.77673,26204095
2020-07-09,834.8532,846.8522,824.35406,841.89105,36418942
2020-07-10,843.8525,869.7426,841.89105,866.7198,43759967
2020-07-13,878.3957,898.8632,876.8497,893.0022,69608392
2020-07-14,892.5407,896.09424,870.98865,884.6952,67331128
2020-07-15,894.3636,913.2159,829.77673,851.0057,139669773
2020-07-16,852.3902,862.5432,836.4454,850.7288,60961724
2020-07-17,851.4672,886.0797,848.2367,882.24927,49726765
2020-07-20,885.0644,891.6177,876.6882,886.0335,36592938
2020-07-21,894.8482,912.3852,893.69446,909.87,42173371
2020-07-22,915.1542,927.6147,904.86273,924.8457,59771457
2020-07-23,924.8226,959.7812,919.0077,949.6744,58333751
2020-07-24,949.76666,998.2241,949.6744,990.4479,120597372
2020-07-27,1005.51587,1014.74585,982.0255,995.08594,80304827
2020-07-28,995.08594,1012.53064,992.5246,1005.0082,55114422
2020-07-29,1005.1005,1007.3618,955.5123,967.60364,72663399
2020-07-30,968.6882,987.4712,956.22766,973.23395,72857444
2020-07-31,975.84143,982.53314,947.3669,953.9663,74958061
2020-08-03,946.6746,949.3052,924.4303,927.1532,46715383
2020-08-04,932.5066,1000.0701,923.11505,992.5015,92041055
2020-08-05,1000.99316,1013.4536,977.5951,981.3563,74549993
2020-08-06,995.45514,1000.3932,972.7493,984.8868,49322975
2020-08-07,982.90234,995.82434,978.472,990.5863,32984416
2020-08-10,996.4243,999.14716,972.8878,978.3104,26958997
2020-08-11,985.20984,996.83966,969.31116,984.74835,46828306
2020-08-12,978.8411,989.9172,972.28784,981.887,30264617
2020-08-13,982.07166,987.102,973.76465,979.32574,24830322
2020-08-14,979.55646,995.45514,964.18854,975.5184,33224635
2020-08-17,971.45715,971.45715,955.3508,965.1577,30979066
2020-08-18,962.2272,984.9791,961.0042,977.7105,30547672
2020-08-19,988.07117,994.0707,979.0027,983.70996,34087543
2020-08-20,978.37964,980.1795,963.61163,967.7882,22537845
2020-08-21,977.45667,979.3027,958.53516,960.77344,25280895
2020-08-24,965.1808,971.2264,955.5354,967.1883,32717218
2020-08-25,971.91864,974.3646,958.99664,960.8888,19388008
2020-08-26,962.2272,991.27856,944.6902,986.3636,59870421
2020-08-27,991.30164,992.2247,970.64954,974.04156,28085062
2020-08-28,978.37964,984.333,972.03406,976.6029,27166900
2020-08-31,1003.30066,1003.30066,950.8512,960.24274,62076132
2020-09-01,969.14966,979.48724,951.79724,963.26556,38616258
2020-09-02,965.45764,986.68665,962.2272,982.16394,26949439
2020-09-03,982.07166,987.0328,970.5342,974.7338,18586429
2020-09-04,961.558,967.74207,956.31995,958.6505,28475945
2020-09-07,961.7657,971.8033,943.421,961.14264,21926473
2020-09-08,965.45764,978.8411,960.1504,972.42633,27397082
2020-09-09,962.2272,1000.43933,960.5888,997.46265,55310877
2020-09-10,1007.5003,1082.1941,1003.92365,1067.9106,140304404
2020-09-11,1066.9877,1078.9174,1055.4963,1070.5642,59470807
2020-09-14,1072.9872,1089.1396,1053.1426,1062.6265,44063445
2020-09-15,1066.9646,1073.3333,1055.9808,1070.1489,27178393
2020-09-16,1070.6796,1093.4546,1066.3185,1072.7794,33952295
2020-09-17,1070.6796,1077.0022,1057.6884,1060.8728,25828669
2020-09-18,1068.026,1070.4258,1050.6274,1064.0802,33074915
2020-09-21,1061.4496,1078.0636,1037.1516,1041.0745,33627381
2020-09-22,1050.8351,1050.8351,1016.01495,1020.4454,34792254
2020-09-23,1042.9896,1050.7197,1017.7456,1029.5138,42988708
2020-09-24,1018.9455,1027.2986,1004.2467,1006.6235,29826318
2020-09-25,1010.22314,1021.20685,1000.2086,1016.08417,28374935
2020-09-28,1027.7601,1032.8367,1018.5532,1022.799,19666849
2020-09-29,1026.8372,1044.8356,1022.799,1036.0902,25842539
2020-09-30,1042.9896,1046.2201,1026.8372,1031.1522,24465159
2020-10-01,1044.7433,1044.7433,1021.7606,1026.9525,20783227
2020-10-02,1026.9525,1026.9525,1026.9525,1026.9525,0
2020-10-05,1035.6056,1037.9823,1018.06866,1020.92993,18922799
2020-10-06,1026.9525,1030.9445,1016.0611,1020.0762,18412175
2020-10-07,1031.4521,1065.6031,1024.5297,1041.8359,53170865
2020-10-08,1042.5281,1046.6816,1025.4988,1033.4135,21077808
2020-10-09,1031.4521,1039.7592,1023.1913,1030.7368,18545499
2020-10-12,1031.4521,1041.0282,1027.4141,1032.3982,14226473
2020-10-13,1029.4215,1054.8733,1027.2294,1052.5427,23112012
2020-10-14,1051.712,1063.2957,1046.9124,1055.6809,26742011
2020-10-15,1056.8346,1056.8346,1012.9921,1018.2994,20036197
2020-10-16,1022.22217,1030.2983,1002.6776,1004.13135,21583600
2020-10-19,1010.7077,1028.5447,994.6014,1004.3159,31200385
2020-10-20,1005.60815,1012.06915,993.263,994.9475,18482288
2020-10-21,1000.5317,1011.60767,968.11127,980.50256,34082321
2020-10-22,981.79474,984.1484,964.99615,972.35706,30802210
2020-10-23,971.91864,985.3021,967.4883,975.17224,23422125
2020-10-26,970.04956,970.04956,931.5374,936.4293,37324416
2020-10-27,939.106,950.6204,925.3072,938.92145,36478896
2020-10-28,942.29034,949.62823,926.4148,928.2839,29924017
2020-10-29,921.6152,942.3827,918.8462,935.414,30655304
2020-10-30,938.4599,953.04333,933.06036,948.1514,34021563
2020-11-02,935.46014,935.46014,857.99744,866.4429,99366895
2020-11-03,872.2347,881.0032,846.8984,853.9593,88691623
2020-11-04,847.7752,890.2332,847.7752,882.94147,80180117
2020-11-05,902.2091,904.9781,891.6177,902.2322,37205373
2020-11-06,918.3847,941.45966,912.9159,936.4524,66674086
2020-11-09,951.6588,954.84314,939.61365,946.3977,35838510
2020-11-10,958.53516,964.53467,942.0135,962.0195,36934242
2020-11-11,964.0732,966.84216,912.8928,921.70746,56724780
2020-11-12,914.2312,926.89935,906.84717,913.76965,40046527
2020-11-13,914.6927,939.91364,914.57733,921.33826,45388670
2020-11-14,929.87604,930.0606,920.8537,924.0611,5226220
2020-11-16,921.33826,921.33826,921.33826,921.33826,0
2020-11-17,962.2272,962.2272,916.07715,919.8845,46542562
2020-11-18,919.8845,925.99945,904.5858,917.09247,30402290
2020-11-19,917.09247,927.8223,908.324,910.6084,27796343
2020-11-20,911.46216,915.5234,874.5422,876.61896,57471248
2020-11-23,900.38617,909.15466,888.96405,900.24774,45327567
2020-11-24,906.3857,911.0007,891.6177,906.40875,30936268
2020-11-25,913.76965,919.7461,896.325,898.90936,32637879
2020-11-26,901.3323,906.84717,890.7178,901.1246,25838637
2020-11-27,895.5404,902.7398,886.72577,890.60236,47336811
2020-11-30,890.60236,890.60236,890.60236,890.60236,0
2020-12-01,895.4712,907.4241,890.7178,902.18604,19750687
2020-12-02,903.8474,905.4627,893.0022,903.6859,22188887
2020-12-03,910.0777,914.27734,903.9166,906.40875,27785372
2020-12-04,908.6932,908.6932,895.3097,898.4248,18464552
2020-12-07,895.5866,906.84717,895.5866,903.709,18242188
2020-12-08,905.07043,929.57605,899.9247,920.1153,43403061
2020-12-09,927.5916,938.5984,922.65356,935.4371,29175254
2020-12-10,932.9681,936.1524,923.4612,926.23016,16065507
2020-12-11,928.99915,940.5367,911.116,925.6764,26944202
2020-12-14,926.6686,929.9222,916.7002,918.9846,17312747
2020-12-15,918.2462,918.2462,905.0473,911.16223,18551265
2020-12-16,917.4617,920.6691,907.1702,912.1775,18561011
2020-12-17,915.84644,925.3072,912.4544,916.35406,20252358
2020-12-18,913.81586,925.26105,906.84717,919.1,18466344
2020-12-21,927.6147,933.15265,856.1976,895.1712,44135540
2020-12-22,899.4632,904.03204,871.51935,893.78674,28140001
2020-12-23,890.6947,900.5939,886.37964,897.0865,19501410
2020-12-24,898.54016,922.44586,898.03253,920.2999,20776988
2020-12-25,920.2999,920.2999,920.2999,920.2999,0
2020-12-28,926.09174,931.3067,920.8306,924.52264,17221499
2020-12-29,927.1532,928.67615,914.9465,918.4078,18611939
2020-12-30,920.80756,926.32245,911.716,920.9229,22043630
2020-12-31,919.99994,928.4915,913.1236,916.21564,18781189
2021-01-01,917.4617,921.6152,914.6927,917.23096,10015175
2021-01-04,920.73834,922.492,908.2317,918.777,24513534
2021-01-05,908.6932,915.4311,902.69366,907.35486,24123091
2021-01-06,907.2625,907.30865,879.22644,883.4261,46401468
2021-01-07,886.3104,897.6172,879.22644,881.9954,32325918
2021-01-08,885.1567,894.5713,882.43384,892.4022,27540187
2021-01-11,894.75586,894.75586,873.3884,875.58057,33307825
2021-01-12,878.2342,904.5397,876.8035,903.1783,41161546
2021-01-13,906.178,911.4391,885.3644,894.75586,26619458
2021-01-14,897.6172,907.72406,894.8713,904.8166,21553242
2021-01-15,904.8166,910.9084,886.1028,894.1329,20593268
2021-01-18,899.50934,921.6152,887.62573,915.5926,35100458
2021-01-19,920.53064,937.30615,920.53064,930.5683,32006615
2021-01-20,932.8758,949.76666,923.64575,948.2437,30924537
2021-01-21,960.84265,978.37964,957.6122,968.87274,39087742
2021-01-22,974.22614,976.2337,939.2214,945.8901,30532660
2021-01-25,939.1291,939.1291,891.6177,895.7712,54207104
2021-01-26,895.7712,895.7712,895.7712,895.7712,0
2021-01-27,888.3872,888.3872,871.3117,874.5422,42370131
2021-01-28,867.6889,887.60266,863.0047,866.0275,34067814
2021-01-29,874.2191,882.8953,844.5447,850.05963,43712383
2021-02-01,858.1128,879.15717,852.8517,874.68066,34180952
2021-02-02,883.4261,895.3097,856.05914,888.7564,41470034
2021-02-03,889.91016,900.84766,876.8497,890.9947,30301696
2021-02-04,887.92566,895.3097,879.15717,888.06415,25626981
2021-02-05,890.7178,897.4557,886.0797,887.8103,20248046
2021-02-08,892.10223,908.6932,890.2563,900.5939,21183400
2021-02-09,905.43964,918.2001,900.98615,902.7629,19604141
2021-02-10,901.65533,915.9618,889.4486,911.1391,21234156
2021-02-11,913.76965,952.628,910.19305,948.7052,42539278
2021-02-12,948.6129,958.99664,930.10675,942.19806,30497029
2021-02-15,945.17474,951.2896,934.5372,938.04456,15791099
2021-02-16,941.3443,959.64276,939.15216,950.4589,21421660
2021-02-17,950.68964,967.2806,946.35156,961.41956,23742994
2021-02-18,962.2272,973.02625,950.2743,954.2432,18646877
2021-02-19,949.3052,971.4341,947.5976,960.0581,23403483
2021-02-22,959.9197,964.4885,920.6691,926.7378,23804335
2021-02-23,945.1517,947.413,929.27606,933.82184,25644108
2021-02-24,936.84467,953.11255,935.0679,951.1512,10807663
2021-02-25,958.07367,993.14764,956.68915,989.6172,34855693
2021-02-26,976.9952,984.7945,955.6277,962.5964,37481215
2021-03-01,973.85693,974.6877,951.8434,969.9342,17680764
2021-03-02,979.3027,982.9946,964.1193,971.91864,17150760
2021-03-03,978.86426,1024.4835,972.4725,1016.2688,31924461
2021-03-04,1006.06964,1010.66156,995.7782,1004.1544,21435754
2021-03-05,994.99365,1020.8146,993.6322,1005.46967,25511666
2021-03-08,1000.7624,1030.0215,1000.5317,1011.1923,19506841
2021-03-09,1015.2996,1021.66833,990.6556,1011.1692,15154484
2021-03-10,1018.53015,1022.2683,1001.57,1006.96954,11519358
2021-03-11,1006.96954,1006.96954,1006.96954,1006.96954,0
2021-03-12,1012.9921,1018.25323,980.1795,986.5021,16864952
2021-03-15,987.63275,991.717,960.1504,973.257,16698099
2021-03-16,975.61066,981.1487,967.07294,969.4266,13873801
2021-03-17,968.24976,970.5342,939.1983,948.5437,19210236
2021-03-18,956.643,962.1349,923.4612,927.19934,20647480
2021-03-19,918.8462,967.23444,915.0619,960.84265,41787429
2021-03-22,955.7662,957.15063,938.3215,951.79724,18572478
2021-03-23,951.5896,973.6262,948.8437,963.3809,17421165
2021-03-24,959.80426,959.80426,941.6443,944.8286,16822814
2021-03-25,947.92065,947.92065,916.07715,919.05383,22001648
2021-03-26,928.53766,929.3222,910.86224,920.53064,20180202
2021-03-29,920.53064,920.53064,920.53064,920.53064,0
2021-03-30,926.69165,945.567,919.1,936.5216,20441701
2021-03-31,931.3067,946.0285,922.53815,924.4303,16250796
2021-04-01,931.3067,936.84467,924.45337,933.08344,11723312
2021-04-02,933.08344,933.08344,933.08344,933.08344,0
2021-04-05,934.5141,934.5372,905.50885,919.5846,14875099
2021-04-06,924.8457,925.2841,908.6932,915.75415,14009194
2021-04-07,922.9997,944.64404,919.90765,924.31494,24266353
2021-04-08,928.0762,933.15265,919.76917,925.4687,15369188
2021-04-09,922.28436,925.9302,913.76965,914.71576,14037885
2021-04-12,904.0782,905.1858,876.9651,881.9954,20901482
2021-04-13,887.92566,895.5866,885.08746,891.5254,19411189
2021-04-14,891.5254,891.5254,891.5254,891.5254,0
2021-04-15,888.9871,905.00116,882.8492,897.2941,19723716
2021-04-16,893.7406,899.87854,889.05634,891.6638,15656948
2021-04-19,878.6957,884.4183,872.2347,877.6342,18478808
2021-04-20,881.69543,885.61816,872.4424,877.38043,17203668
2021-04-21,877.38043,877.38043,877.38043,877.38043,0
2021-04-22,873.2731,883.5184,866.09674,879.8033,14490954
2021-04-23,879.6187,885.572,874.70374,878.85724,11828857
2021-04-26,886.0797,905.4627,882.1569,894.31744,20846778
2021-04-27,895.3097,921.70746,894.5021,917.76166,19992524
2021-04-28,922.00745,926.69165,913.8389,921.7536,17122437
2021-04-29,933.568,943.53644,926.36865,934.09875,17412606
2021-04-30,926.9224,939.61365,917.254,920.4614,19828769
2021-05-03,907.30865,913.30817,896.74036,904.10126,23640186
2021-05-04,899.9247,908.1394,881.9262,884.51056,21849830
2021-05-05,887.62573,894.61743,880.56476,886.12585,12393609
2021-05-06,886.9335,893.0022,879.89557,891.1562,14624666
2021-05-07,894.2713,902.53217,888.8487,891.5023,12288548
2021-05-10,894.8482,898.4479,886.5181,888.941,13941237
2021-05-11,883.7722,894.6405,881.46466,892.14844,13478264
2021-05-12,890.74084,892.033,880.0802,882.9184,13177961
2021-05-13,882.9184,882.9184,882.9184,882.9184,0
2021-05-14,889.79474,896.23267,879.6187,894.06366,13291616
2021-05-17,894.06366,906.13184,890.8793,904.70123,11873078
2021-05-18,914.2312,924.1996,910.3084,917.4386,12064918
2021-05-19,913.76965,930.5914,910.0777,921.63824,16317002
2021-05-20,922.0305,928.03,914.2312,916.2618,11422532
2021-05-21,919.3077,927.43005,916.5387,924.1765,10785605
2021-05-24,926.69165,927.5224,914.6927,916.37714,8551760
2021-05-25,921.33826,921.6152,904.5397,905.9934,14780102
2021-05-26,911.46216,913.53894,906.98566,909.17773,7480204
2021-05-27,909.29315,919.76917,905.57806,911.96985,26819294
2021-05-28,918.3847,971.45715,918.3847,966.7499,56469931
2021-05-31,970.07263,1011.4692,962.25024,996.9781,59124142
2021-06-01,999.60864,1016.22266,990.6094,1000.947,28013832
2021-06-02,995.45514,1019.6839,995.45514,1015.8765,24630162
2021-06-03,1024.9911,1038.3746,1013.4998,1019.7531,23974257
2021-06-04,1022.1298,1022.8913,1008.031,1010.9154,14468646
2021-06-07,1016.22266,1034.6826,1008.37714,1027.9447,16336573
2021-06-08,1027.5756,1027.8293,1014.44586,1022.03754,9674735
2021-06-09,1024.0681,1024.9911,995.89355,1003.76215,11409161
2021-06-10,1012.2537,1029.1447,1004.93896,1007.45416,14155653
2021-06-11,1007.408,1028.2217,1006.1158,1021.36835,13762778
2021-06-14,1022.22217,1042.182,1013.0152,1036.021,20332436
2021-06-15,1043.4512,1049.866,1033.8981,1038.3746,15174215
2021-06-16,1036.021,1037.0132,1017.9994,1020.653,10797349
2021-06-17,1015.2996,1031.4521,1006.0235,1022.5221,15745975
2021-06-18,1027.0679,1031.4521,1008.07715,1027.1371,29369026
2021-06-21,1016.9149,1037.2208,1015.3689,1032.4905,12186448
2021-06-22,1040.2206,1043.4512,1024.2296,1027.1832,12871913
2021-06-23,1038.3746,1038.6515,1016.08417,1017.7687,16653951
2021-06-24,1018.46094,1022.03754,987.6097,993.8399,91461975
2021-06-25,993.8399,993.8399,960.4273,971.2033,55355022
2021-06-28,979.3027,981.3794,960.38116,962.68866,20277042
2021-06-29,964.3039,973.30316,961.8118,963.51935,27144063
2021-06-30,967.419,979.6026,965.0192,974.06464,19762858
2021-07-01,977.45667,979.8334,966.84216,968.2036,12534407
2021-07-02,967.76514,984.333,965.89606,982.5562,14086620
2021-07-05,985.9713,993.863,983.6869,992.31696,11702287
2021-07-06,989.8941,991.717,978.472,980.59485,10070124
2021-07-07,981.9563,981.9563,968.2267,973.7877,10454892
2021-07-08,976.9721,976.9721,960.38116,965.73456,11185460
2021-07-09,963.61163,965.3192,953.5048,955.85846,9037675
2021-07-12,959.80426,969.8419,957.3814,961.8118,8585292
2021-07-13,969.14966,970.55725,963.6347,969.0112,6717133
2021-07-14,969.31116,972.3109,960.4965,962.68866,8532544
2021-07-15,966.84216,966.84216,959.2274,961.0042,9448356
2021-07-16,963.4963,975.9568,963.42706,974.87225,8828185
2021-07-19,969.14966,980.22565,965.57306,968.6651,8354449
2021-07-20,968.9189,972.8417,961.7657,966.2883,6741464
2021-07-21,966.2883,966.2883,966.2883,966.2883,0
2021-07-22,977.91815,980.1795,968.2959,978.7027,7972397
2021-07-23,985.04834,985.04834,970.0957,971.7802,9937030
2021-07-26,972.8417,978.8411,955.8123,958.46594,12389668
2021-07-27,958.4429,961.6272,942.3827,948.38214,10824523
2021-07-28,949.76666,949.76666,930.499,940.2367,12897848
2021-07-29,947.92065,957.33527,943.02875,947.5745,13765738
2021-07-30,949.76666,954.3586,937.3523,939.29065,11350608
2021-08-02,948.05914,959.64276,941.9904,956.45844,10925104
2021-08-03,964.53467,964.99615,952.628,963.4963,11817299
2021-08-04,966.56525,975.61066,963.15015,970.8803,13169800
2021-08-05,975.7491,994.4398,971.111,984.95605,21252078
2021-08-06,982.97156,990.8171,959.3428,964.09625,16620987
2021-08-09,960.38116,964.4424,953.6894,958.6044,7494143
2021-08-10,960.84265,975.1492,957.0353,963.6347,11919198
2021-08-11,967.74207,978.37964,961.4888,977.1336,9184963
2021-08-12,980.641,981.24097,971.45715,973.9954,8137612
2021-08-13,977.1336,992.1785,973.2801,990.2171,12780901
2021-08-16,991.9247,1016.68414,982.14087,1003.0699,21935444
2021-08-17,1000.92395,1008.4694,991.2324,998.801,12658169
2021-08-18,1003.30066,1009.2078,993.42456,1002.6776,10075860
2021-08-19,1002.6776,1002.6776,1002.6776,1002.6776,0
2021-08-20,988.99414,1002.3776,986.22516,991.41705,9426282
2021-08-23,1003.30066,1003.30066,984.0561,997.9242,9854395
2021-08-24,999.1702,1011.60767,994.809,1007.7772,11864472
2021-08-25,1008.56177,1024.5297,1006.1158,1016.4995,13380559
2021-08-26,1018.99164,1036.021,1017.6071,1029.3523,18589616
2021-08-27,1032.3751,1035.0288,1022.7067,1027.9447,10480636
2021-08-30,1038.3746,1050.3044,1032.2828,1047.72,14027062
2021-08-31,1050.789,1053.9502,1034.798,1042.1359,26485463
2021-09-01,1048.9891,1058.173,1044.3741,1046.2662,11145486
2021-09-02,1040.6821,1065.0493,1040.6821,1058.8652,9956770
2021-09-03,1066.0646,1105.2921,1062.6034,1102.2924,30664428
2021-09-06,1113.5991,1144.5197,1113.1376,1119.4141,33641710
2021-09-07,1121.4446,1134.3666,1113.1376,1126.475,17349882
2021-09-08,1131.5977,1132.5206,1110.6686,1122.0676,14301651
2021-09-09,1120.4755,1125.0674,1115.0298,1119.4141,8963249
2021-09-10,1119.4141,1119.4141,1119.4141,1119.4141,0
2021-09-13,1122.8291,1122.8291,1092.8547,1094.47,16311160
2021-09-14,1096.0621,1104.8306,1091.9086,1093.0393,8908356
2021-09-15,1093.0624,1105.6382,1093.0624,1097.5851,9071075
2021-09-16,1099.085,1124.5597,1092.3701,1120.6139,13448882
2021-09-17,1128.8286,1133.3744,1096.339,1103.2384,34882133
2021-09-20,1094.7238,1116.0681,1093.7546,1104.9922,11779819
2021-09-21,1109.9071,1115.2605,1100.2156,1109.7687,9915736
2021-09-22,1111.2916,1126.9825,1106.792,1121.6754,10995912
2021-09-23,1129.4747,1152.3651,1128.5979,1149.0885,15748397
2021-09-24,1155.388,1156.2648,1140.8276,1145.7656,15192163
2021-09-27,1147.7501,1167.5485,1142.3506,1165.0332,15373834
2021-09-28,1169.4406,1183.7009,1159.6567,1175.9247,18035258
2021-09-29,1186.0546,1186.0546,1163.0027,1166.6024,9719875
2021-09-30,1165.2871,1169.7175,1153.9111,1162.6334,13590654
2021-10-01,1154.6495,1172.1173,1151.4421,1164.6871,8958928
2021-10-04,1178.2091,1188.2928,1170.8481,1179.6628,10918552
2021-10-05,1179.1782,1205.4376,1175.6016,1204.1454,13533634
2021-10-06,1209.1064,1209.1064,1177.3323,1181.3704,10258881
2021-10-07,1197.592,1199.3228,1184.9932,1187.1622,6336665
2021-10-08,1193.0924,1238.8502,1191.3618,1232.7815,15772493
2021-10-11,1246.6957,1255.2795,1220.8286,1224.1975,14768666
2021-10-12,1220.6671,1238.2041,1218.9364,1231.1892,6682011
2021-10-13,1236.358,1255.0488,1231.8815,1243.719,9959762
2021-10-14,1246.211,1254.1028,1240.1423,1246.2341,8623469
2021-10-15,1246.2341,1246.2341,1246.2341,1246.2341,0
2021-10-18,1231.5585,1266.817,1228.651,1249.557,13594479
2021-10-19,1257.0332,1269.7476,1249.7416,1260.7483,8833409
2021-10-20,1265.7787,1265.7787,1242.1268,1246.2341,12710570
2021-10-21,1258.6947,1258.9716,1201.3763,1210.2833,20831669
2021-10-22,1209.1295,1229.851,1205.2068,1212.5447,11027475
2021-10-25,1236.8196,1236.8196,1186.0546,1200.7302,17198417
2021-10-26,1207.7913,1231.6969,1201.3533,1228.0741,9750178
2021-10-27,1223.8976,1235.3428,1209.1064,1212.5447,9896298
2021-10-28,1209.1295,1217.4135,1195.5154,1199.2534,9886181
2021-10-29,1198.1228,1198.1228,1154.5342,1170.479,14233025
2021-11-01,1170.479,1179.5936,1151.0267,1171.1943,15481114
2021-11-02,1174.5171,1175.9016,1151.5575,1154.1188,10569130
2021-11-03,1156.5416,1162.9796,1135.7511,1146.181,11989430
2021-11-04,1150.496,1156.011,1149.1346,1153.2189,1705656
2021-11-05,1153.2189,1153.2189,1153.2189,1153.2189,0
2021-11-08,1162.7026,1162.9796,1133.6282,1154.6495,20337183
2021-11-09,1156.0571,1167.0869,1147.7732,1163.7642,15682497
2021-11-10,1161.4567,1180.5166,1155.4341,1176.7784,10253470
2021-11-11,1172.2327,1186.2853,1170.1559,1178.9244,10722478
2021-11-12,1182.778,1199.3228,1180.055,1196.7152,8712341
2021-11-15,1199.8995,1200.9149,1186.0546,1189.6543,4803269
2021-11-16,1187.0006,1188.362,1151.4421,1162.0105,11337581
2021-11-17,1153.265,1153.265,1135.7511,1137.1356,10202029
2021-11-18,1135.2896,1148.6731,1130.6976,1141.4275,8505625
2021-11-19,1141.4275,1141.4275,1141.4275,1141.4275,0
2021-11-22,1124.2598,1130.2131,1084.9861,1090.8702,24124307
2021-11-23,1076.7021,1108.1765,1065.6031,1101.0693,25326999
2021-11-24,1098.3696,1112.1685,1081.548,1085.1708,16820296
2021-11-25,1095.1392,1154.6726,1087.8243,1150.496,42401936
2021-11-26,1138.8893,1143.412,1108.2919,1113.4146,15763138
2021-11-29,1125.6443,1153.7496,1107.1842,1126.7518,24325354
2021-11-30,1138.9816,1142.6274,1102.4539,1110.0917,32172299
2021-12-01,1122.8291,1141.7506,1119.1832,1138.5201,10104610
2021-12-02,1139.7661,1151.9958,1136.028,1145.8348,12720411
2021-12-03,1153.0112,1153.0574,1107.5996,1111.407,19222481
2021-12-06,1114.9836,1119.1371,1087.8243,1090.3395,10332254
2021-12-07,1096.5929,1109.4456,1089.1396,1099.2234,11235122
2021-12-08,1118.7218,1122.2753,1110.5071,1115.9528,8744178
2021-12-09,1123.7521,1142.1659,1119.1371,1133.6512,13213547
2021-12-10,1126.1749,1138.0586,1121.6061,1134.805,8364414
2021-12-13,1141.5199,1141.7968,1109.4456,1112.0531,12901733
2021-12-14,1098.3696,1110.3687,1095.3237,1098.4388,12991523
2021-12-15,1100.2156,1109.9071,1089.6472,1095.2314,9366969
2021-12-16,1110.2301,1114.7528,1093.1316,1109.3994,9761279
2021-12-17,1106.6997,1111.2916,1070.6796,1080.1173,21049821
2021-12-20,1069.6874,1069.6874,1037.0363,1050.9967,14325846
2021-12-21,1066.6876,1082.6786,1057.85,1066.6415,12836561
2021-12-22,1072.9409,1094.6315,1071.6027,1091.9547,17658543
2021-12-23,1095.6006,1098.3696,1088.2397,1091.5625,9072401
2021-12-24,1093.7546,1103.9076,1078.7789,1095.0469,7886494
2021-12-27,1089.855,1097.4467,1083.6478,1093.87,4017223
2021-12-28,1096.339,1109.8379,1095.1622,1106.8612,6374613
2021-12-29,1103.4462,1116.3682,1099.3387,1108.7534,15425312
2021-12-30,1107.5996,1109.884,1082.494,1088.7242,29333171
2021-12-31,1095.1392,1100.1694,1089.1396,1092.9009,9477290
2022-01-03,1091.4471,1111.2686,1090.778,1109.3763,5421611
2022-01-04,1114.9375,1135.7511,1109.4456,1134.4127,10847728
2022-01-05,1136.2126,1143.1351,1122.806,1139.72,11643813
2022-01-06,1131.2284,1132.5206,1111.753,1115.2144,14447422
2022-01-07,1121.883,1134.3896,1112.9299,1124.2136,13112115
2022-01-10,1131.5977,1133.9052,1115.0067,1125.1366,9246731
2022-01-11,1124.2136,1142.189,1123.7521,1133.236,16205164
2022-01-12,1140.5045,1165.264,1137.597,1163.4872,14800442
2022-01-13,1163.5565,1172.6711,1157.6262,1170.0405,11856712
2022-01-14,1169.9021,1184.8085,1165.6793,1171.748,19930176
2022-01-17,1171.2866,1183.7471,1170.8251,1177.8629,8036453
2022-01-18,1179.0167,1182.524,1161.0182,1163.8103,6215029
2022-01-19,1167.5946,1173.1326,1157.9031,1163.718,9755485
2022-01-20,1153.7727,1158.3416,1132.982,1143.3428,16494486
2022-01-21,1131.5977,1154.788,1131.5977,1143.5273,13338594
2022-01-24,1142.212,1155.9418,1086.8783,1097.4005,21868937
2022-01-25,1084.3169,1102.3616,1063.7571,1095.2545,24510205
2022-01-26,1095.2545,1095.2545,1095.2545,1095.2545,0
2022-01-27,1078.0636,1087.3397,1066.5492,1079.0327,20020431
2022-01-28,1091.4471,1096.4774,1074.5563,1077.9944,14667727
2022-01-31,1089.2319,1110.5532,1087.3859,1101.4155,12143683
2022-02-01,1111.2916,1117.1064,1083.1863,1097.7697,13200509
2022-02-02,1110.8301,1110.8301,1096.1083,1100.0079,10017691
2022-02-03,1103.9076,1108.2688,1083.2324,1085.7937,9572839
2022-02-04,1080.3711,1083.8093,1071.1873,1075.8945,11061241
2022-02-07,1080.8326,1087.6628,1063.7571,1069.3413,10714467
2022-02-08,1075.5946,1089.1396,1066.0646,1087.3167,12060849
2022-02-09,1094.2853,1101.6924,1088.2167,1099.9849,11486225
2022-02-10,1105.6151,1105.6151,1091.4933,1098.8542,12464491
2022-02-11,1095.2545,1100.4464,1081.8018,1096.7083,15943370
2022-02-14,1080.025,1086.8091,1067.4491,1079.2405,10719633
2022-02-15,1085.0784,1118.6295,1077.9252,1115.8835,11212671
2022-02-16,1121.4446,1122.8291,1105.7306,1113.576,10392840
2022-02-17,1116.8757,1132.9359,1112.2146,1127.6748,12853252
2022-02-18,1128.0902,1133.6282,1116.8988,1118.8602,6775458
2022-02-21,1113.1376,1124.9059,1100.4926,1107.5535,11107193
2022-02-22,1085.8629,1105.7075,1083.2094,1102.5231,13494914
2022-02-23,1108.1073,1110.6224,1092.8317,1095.6237,7310110
2022-02-24,1063.7571,1079.8635,1035.3287,1041.0282,24846650
2022-02-25,1052.2657,1065.1185,1050.489,1054.0426,14570089
2022-02-28,1035.1442,1092.5316,1035.1442,1088.9319,21297446
2022-03-01,1088.9319,1088.9319,1088.9319,1088.9319,0
2022-03-02,1077.3483,1108.0612,1074.9254,1106.9304,21471786
2022-03-03,1107.5996,1114.4529,1093.7777,1097.5851,10186748
2022-03-04,1085.909,1091.124,1070.8412,1073.241,10805667
2022-03-07,1051.6196,1067.0338,1025.4526,1033.552,17983310
2022-03-08,1020.6069,1036.5287,1006.06964,1031.6829,21289374
2022-03-09,1031.9137,1092.3701,1031.0598,1086.4167,20414228
2022-03-10,1107.5996,1109.9071,1089.1396,1104.023,17980493
2022-03-11,1096.5466,1112.6761,1096.5466,1107.2073,12257423
2022-03-14,1101.554,1118.8602,1095.6006,1116.2988,8340678
2022-03-15,1120.4985,1120.4985,1080.3019,1090.7318,15925769
2022-03-16,1099.2926,1111.2455,1097.0312,1109.1456,11149828
2022-03-17,1122.7137,1152.5497,1114.5682,1145.3042,21422098
2022-03-18,1145.3042,1145.3042,1145.3042,1145.3042,0
2022-03-21,1127.9056,1146.3656,1125.5981,1138.7047,11999466
2022-03-22,1135.3357,1169.879,1132.336,1168.1254,22557065
2022-03-23,1164.3641,1183.6779,1164.3641,1171.8403,15462187
2022-03-24,1158.3646,1192.5848,1158.3646,1190.0465,13168266
2022-03-25,1191.8234,1207.2836,1189.285,1197.9844,14222488
2022-03-28,1204.5145,1213.6292,1193.6693,1210.0295,9891424
2022-03-29,1217.4365,1217.4365,1203.3147,1210.3064,8684065
2022-03-30,1218.3135,1240.5116,1207.7913,1233.566,15811550
2022-03-31,1229.874,1232.0662,1213.0985,1215.9366,13223718
2022-04-01,1216.5135,1229.9663,1210.0526,1225.6743,7922880
2022-04-04,1225.4897,1234.5121,1219.1211,1229.2971,7929162
2022-04-05,1223.4822,1232.1584,1209.4526,1211.9216,13149870
2022-04-06,1193.9463,1215.8213,1193.9463,1208.6912,12257215
2022-04-07,1197.6382,1202.6686,1184.67,1187.3699,15496499
2022-04-08,1181.4396,1211.4371,1181.4396,1207.1221,15152495
2022-04-11,1199.8995,1217.6904,1192.0541,1204.6069,9254209
2022-04-12,1193.9,1201.0995,1179.3167,1181.9242,13217742
2022-04-13,1188.1313,1196.4845,1174.7478,1177.586,10354235
2022-04-14,1177.586,1177.586,1177.586,1177.586,0
2022-04-15,1177.586,1177.586,1177.586,1177.586,0
2022-04-18,1168.9791,1181.3473,1163.8103,1173.9863,9974224
2022-04-19,1180.5166,1231.2816,1177.3092,1218.7288,26141820
2022-04-20,1226.2512,1261.7406,1222.5592,1254.5642,25072240
2022-04-21,1269.5399,1287.123,1260.8175,1283.9387,21708633
2022-04-22,1273.2319,1293.1226,1266.4479,1273.1858,15054154
2022-04-25,1265.6172,1273.0011,1229.274,1243.7421,17063215
2022-04-26,1250.6646,1289.8921,1249.6031,1280.962,12227666
2022-04-27,1271.8243,1305.1216,1271.4551,1282.2081,19338945
2022-04-28,1296.7915,1315.7361,1285.7847,1301.3604,25614076
2022-04-29,1318.1128,1318.1128,1281.7235,1287.7,18214862
2022-05-02,1274.6626,1294.7378,1272.8396,1283.1772,9467006
2022-05-03,1283.1772,1283.1772,1283.1772,1283.1772,0
2022-05-04,1285.2771,1287.5846,1235.112,1243.119,19247660
2022-05-05,1256.8948,1259.8945,1214.6676,1218.7749,17210669
2022-05-06,1205.5299,1227.128,1196.9229,1209.4296,19649948
2022-05-09,1188.339,1198.5613,1156.9801,1162.1951,18083752
2022-05-10,1151.4421,1166.0255,1134.3666,1142.0505,19511677
2022-05-11,1141.1276,1146.8041,1117.7295,1130.3516,16643899
2022-05-12,1120.2909,1123.6829,1093.7546,1107.3228,20490321
2022-05-13,1119.5986,1143.5966,1114.6836,1119.8755,19308778
2022-05-16,1123.4983,1144.9811,1115.2836,1120.1525,13437911
2022-05-17,1123.7982,1172.1635,1122.3676,1167.2023,16551828
2022-05-18,1172.0481,1186.0546,1157.557,1171.4481,17276788
2022-05-19,1146.3656,1159.5183,1138.0817,1144.4503,14699118
2022-05-20,1159.5183,1220.3901,1154.6726,1211.1832,21793091
2022-05-23,1214.4368,1224.6129,1196.6691,1203.084,15252755
2022-05-24,1203.1301,1217.4365,1198.8381,1207.2144,13527818
2022-05-25,1216.0521,1226.0667,1200.5918,1205.4376,12714544
2022-05-26,1211.1602,1216.006,1175.9016,1193.9463,17882023
2022-05-27,1196.6921,1202.2762,1172.2557,1188.4082,16521973
2022-05-30,1206.822,1234.0505,1197.2229,1229.8048,13853398
2022-05-31,1219.0056,1236.2657,1207.1451,1214.9675,70620653
2022-06-01,1215.729,1225.3744,1207.3759,1215.3599,9776989
2022-06-02,1215.5906,1261.0253,1215.5906,1257.264,22126569
2022-06-03,1266.3556,1300.2065,1265.4325,1282.7388,23939791
2022-06-06,1282.9696,1298.6605,1269.9552,1277.2239,11093152
2022-06-07,1278.3083,1288.0922,1270.0707,1279.6237,12358255
2022-06-08,1279.6237,1283.431,1253.572,1257.1487,12479250
2022-06-09,1250.6646,1293.584,1250.6646,1291.6227,17278305
2022-06-10,1279.2314,1287.5385,1246.7418,1252.626,18093057
2022-06-13,1222.9746,1233.4967,1207.422,1228.9279,17620803
2022-06-14,1222.9977,1233.0583,1206.1067,1212.8677,14714312
2022-06-15,1207.9989,1217.1135,1192.7002,1198.192,11195535
2022-06-16,1210.514,1227.1511,1178.6705,1181.4396,17111475
2022-06-17,1181.4396,1211.3678,1179.6398,1195.2845,24457187
2022-06-20,1202.207,1207.7913,1163.4872,1173.6172,12066797
2022-06-21,1181.4396,1196.8536,1166.81,1192.5618,11720049
2022-06-22,1180.5627,1180.655,1154.211,1156.334,10617206
2022-06-23,1160.6952,1165.2871,1128.3671,1137.574,19446323
2022-06-24,1144.5197,1158.826,1138.9816,1153.7727,14240234
2022-06-27,1174.494,1174.494,1145.2349,1150.3575,15474529
2022-06-28,1145.4888,1169.4175,1145.4888,1166.5331,13572847
2022-06-29,1157.0724,1198.5151,1154.211,1190.7388,19205146
2022-06-30,1190.6696,1207.2374,1184.2086,1197.8921,23112959
2022-07-01,1188.3159,1196.2075,1091.4471,1111.6146,81997149
2022-07-04,1097.885,1126.9825,1091.9547,1113.9221,41857728
2022-07-05,1118.2141,1137.5509,1115.4912,1122.9445,17647327
2022-07-06,1116.8757,1126.9595,1102.0616,1113.0684,23943726
2022-07-07,1119.5525,1122.9445,1096.0621,1102.1078,23301033
2022-07-08,1115.9066,1115.9066,1099.5464,1103.6307,19010108
2022-07-11,1096.7544,1120.8907,1093.7546,1118.6295,13847467
2022-07-12,1109.4456,1125.9211,1109.4456,1117.0372,10778989
2022-07-13,1120.1986,1123.2906,1095.1392,1097.2389,14224132
2022-07-14,1102.0616,1123.2676,1096.962,1106.2843,16970315
2022-07-15,1114.5221,1114.5221,1099.8003,1108.4303,9603210
2022-07-18,1117.2911,1119.1371,1104.046,1117.868,15160908
2022-07-19,1107.738,1129.2902,1107.738,1124.7213,16439888
2022-07-20,1172.2096,1173.3633,1147.4039,1155.134,23924246
2022-07-21,1150.9806,1153.7496,1138.6586,1147.427,16523230
2022-07-22,1153.7496,1161.2721,1151.4421,1155.1803,10969995
2022-07-25,1138.7278,1138.7278,1108.9841,1117.0142,23110452
2022-07-26,1117.3373,1127.8595,1112.8376,1117.5219,11303288
2022-07-27,1116.8065,1120.06,1108.5226,1116.4604,8655086
2022-07-28,1124.2136,1138.9585,1117.2911,1133.9513,12496073
2022-07-29,1142.0736,1161.6412,1137.1356,1158.1107,15130683
2022-08-01,1162.5873,1194.2462,1157.257,1188.2928,15700044
2022-08-02,1187.2084,1203.4993,1182.1549,1192.8156,13917913
2022-08-03,1199.8995,1204.5145,1184.8778,1202.8301,14250977
2022-08-04,1204.5145,1208.0912,1169.9021,1186.9314,14467127
2022-08-05,1188.8236,1190.1157,1166.187,1169.4406,13942438
2022-08-08,1168.056,1192.3079,1168.056,1184.7393,10165178
2022-08-09,1184.7393,1184.7393,1184.7393,1184.7393,0
2022-08-10,1189.2389,1195.2384,1180.0781,1191.8234,10724688
2022-08-11,1201.3302,1204.4684,1190.7618,1195.7922,8198226
2022-08-12,1195.423,1218.9825,1191.6849,1215.129,12650587
2022-08-15,1215.129,1215.129,1215.129,1215.129,0
2022-08-16,1221.2208,1226.3435,1212.4985,1223.5745,6607378
2022-08-17,1229.8971,1235.3889,1225.5359,1229.9663,6595965
2022-08-18,1227.5896,1231.743,1218.4519,1228.1896,7410035
2022-08-19,1222.9746,1228.3741,1202.184,1206.2914,9460724
2022-08-22,1207.7451,1214.3445,1193.4386,1202.9454,9471680
2022-08-23,1197.1306,1224.4514,1195.9076,1221.4978,9678484
2022-08-24,1218.4058,1232.2046,1216.2136,1218.2441,10369622
2022-08-25,1222.49,1228.9279,1210.3295,1214.6907,7871946
2022-08-26,1215.129,1222.9746,1203.1301,1208.2065,10742038
2022-08-29,1192.977,1225.2821,1189.7697,1198.8151,19838975
2022-08-30,1206.3606,1220.7825,1189.1005,1217.4135,23139054
2022-08-31,1217.4135,1217.4135,1217.4135,1217.4135,0
2022-09-01,1191.8926,1202.184,1177.1476,1181.6241,19909939
2022-09-02,1181.6241,1188.5236,1165.6101,1167.8253,12999345
2022-09-05,1168.056,1191.3618,1168.056,1185.9623,11327815
2022-09-06,1187.4391,1202.6686,1186.9775,1198.4458,10899618
2022-09-07,1188.362,1197.5459,1186.0546,1191.4772,7488501
2022-09-08,1194.4769,1198.9766,1186.5161,1193.1616,7057077
2022-09-09,1204.5145,1204.5145,1183.2855,1185.7316,8314850
2022-09-12,1186.3083,1205.4376,1186.3083,1198.9996,7435419
2022-09-13,1208.2065,1213.6061,1200.3611,1209.0142,8888657
2022-09-14,1188.362,1204.5145,1187.3237,1194.5231,8678219
2022-09-15,1192.0541,1201.5378,1179.9397,1182.6857,10365600
2022-09-16,1173.9402,1178.2091,1149.5961,1153.3804,20217708
2022-09-19,1153.3804,1164.2256,1145.1426,1154.8802,7580254
2022-09-20,1164.1102,1171.1482,1151.3036,1155.0648,8411448
2022-09-21,1152.2498,1168.9791,1151.4421,1158.2493,9207309
2022-09-22,1147.2886,1155.134,1140.8738,1147.3347,10308170
2022-09-23,1146.8271,1151.8805,1124.2598,1125.8289,9528051
2022-09-26,1104.8536,1115.8143,1096.1313,1097.1466,12479523
2022-09-27,1104.8306,1119.5986,1089.1858,1105.869,16154822
2022-09-28,1089.3011,1097.4467,1073.9563,1076.4253,16997059
2022-09-29,1089.1396,1092.6008,1067.4491,1073.1256,14671827
2022-09-30,1066.5261,1108.5226,1066.5261,1097.3313,18613024
2022-10-03,1103.6769,1115.422,1090.5242,1093.5239,11852723
2022-10-04,1106.5844,1115.9066,1103.0538,1113.6914,8948850
2022-10-05,1113.6914,1113.6914,1113.6914,1113.6914,0
2022-10-06,1120.9832,1130.6746,1115.9758,1117.7987,13352162
2022-10-07,1114.3606,1127.8595,1114.3606,1122.5292,7714340
2022-10-10,1109.9071,1115.722,1102.0616,1110.2764,6329527
2022-10-11,1114.0605,1114.0605,1085.0322,1088.1704,9215177
2022-10-12,1085.4476,1099.1542,1081.3402,1096.1775,7417103
2022-10-13,1094.4008,1104.8306,1089.1858,1099.6619,7328492
2022-10-14,1114.5221,1115.1451,1093.3392,1094.0776,9106089
2022-10-17,1086.8322,1114.0605,1081.571,1111.6377,16729355
2022-10-18,1117.7526,1136.6741,1116.8988,1131.2515,12415820
2022-10-19,1132.7513,1166.6024,1126.8441,1150.9344,19247142
2022-10-20,1146.8271,1162.5181,1146.8271,1154.0265,8717053
2022-10-21,1157.3031,1161.5028,1138.5201,1140.643,8243452
2022-10-24,1135.2896,1154.9033,1133.1206,1144.4503,3370033
2022-10-25,1153.2881,1153.2881,1125.1366,1126.7749,12233241
2022-10-26,1126.7749,1126.7749,1126.7749,1126.7749,0
2022-10-27,1134.3666,1139.1893,1122.7368,1131.2053,12513059
2022-10-28,1137.597,1169.9021,1135.0358,1165.8179,17609592
2022-10-31,1172.6711,1181.878,1168.6099,1176.64,12419943
2022-11-01,1199.8995,1199.8995,1157.4417,1167.5254,13963166
2022-11-02,1168.656,1176.9169,1160.6721,1174.817,8981896
2022-11-03,1167.5254,1181.2319,1165.3102,1179.2013,6693449
2022-11-04,1178.6244,1199.8995,1177.3323,1196.5537,12575815
2022-11-07,1195.7461,1204.6531,1187.9006,1202.9454,11789748
2022-11-08,1202.9454,1202.9454,1202.9454,1202.9454,0
2022-11-09,1204.6531,1210.0295,1195.3076,1201.7456,11254205
2022-11-10,1195.2845,1198.3074,1182.8241,1187.2084,5966242
2022-11-11,1199.8995,1216.5135,1194.3616,1214.5753,12310132
2022-11-14,1214.0907,1219.2826,1202.2762,1208.6912,9043112
2022-11-15,1210.191,1212.0831,1195.2845,1203.2686,7086433
2022-11-16,1204.5145,1207.2605,1191.2926,1196.3691,9716161
2022-11-17,1192.954,1205.899,1190.6696,1199.4612,6661451
2022-11-18,1203.0146,1204.0531,1186.5623,1198.8151,5303197
2022-11-21,1194.3616,1194.3616,1173.6403,1177.24,6390268
2022-11-22,1174.5171,1185.3623,1170.5944,1183.7701,6611488
2022-11-23,1188.362,1189.7004,1177.8629,1180.0781,6413408
2022-11-24,1184.2086,1197.1306,1175.9939,1190.2543,9389439
2022-11-25,1194.8231,1211.3909,1191.6387,1208.022,7349922
2022-11-28,1204.007,1255.7642,1154.6726,1249.5339,31527484
2022-11-29,1247.8724,1260.656,1243.2805,1251.6798,11058913
2022-11-30,1251.8184,1267.0248,1245.2189,1260.5176,26164986
2022-12-01,1265.3402,1271.432,1253.4336,1256.8025,9485801
2022-12-02,1259.8945,1268.2015,1246.3264,1256.2717,11589592
2022-12-05,1251.5875,1253.7797,1235.8966,1237.9502,14828536
2022-12-06,1229.9432,1244.665,1228.051,1241.5269,8594245
2022-12-07,1239.1271,1243.7421,1219.3518,1223.2053,8462111
2022-12-08,1227.5896,1229.8971,1218.4058,1222.6284,7757008
2022-12-09,1221.1285,1227.5896,1200.7533,1204.0992,12655763
2022-12-12,1193.2079,1210.514,1192.977,1205.9452,9479842
2022-12-13,1205.9452,1215.129,1202.9916,1211.4371,8333348
2022-12-14,1217.275,1217.875,1204.9761,1207.0529,7268947
2022-12-15,1201.0533,1206.822,1186.5161,1189.9081,8688551
2022-12-16,1186.5161,1208.5758,1180.5858,1184.0239,15837349
2022-12-19,1191.1311,1201.7456,1184.5316,1199.5765,7729933
2022-12-20,1192.4695,1211.8986,1184.2086,1209.9603,7467588
2022-12-21,1209.5911,1215.129,1188.8698,1192.7463,8527550
2022-12-22,1198.9766,1202.0455,1184.5547,1189.6543,7451122
2022-12-23,1182.9625,1195.5154,1150.173,1154.7649,10257115
2022-12-26,1160.5568,1173.1326,1150.2422,1164.8486,5990242
2022-12-27,1167.5946,1176.2708,1160.7875,1174.3787,5763271
2022-12-28,1171.2866,1176.7323,1163.6719,1174.2633,7459393
2022-12-29,1166.2101,1176.3169,1165.5178,1173.7325,6930648
2022-12-30,1174.5632,1189.285,1172.7173,1175.5323,7289476
2023-01-02,1176.8246,1190.2081,1175.9939,1188.7775,5316175
2023-01-03,1183.7701,1187.4391,1175.8093,1180.0781,7658932
2023-01-04,1180.055,1181.9242,1160.2106,1162.3104,9264891
2023-01-05,1164.5948,1170.5482,1155.5956,1160.2336,13637099
2023-01-06,1166.0486,1175.8785,1162.1951,1170.7789,6349597
2023-01-09,1174.6555,1200.8226,1173.7556,1198.4227,10722753
2023-01-10,1202.6686,1202.6686,1174.9786,1180.7012,8047142
2023-01-11,1177.9784,1180.5166,1163.4872,1165.8179,11509553
2023-01-12,1165.2179,1168.7483,1137.597,1140.643,17688773
2023-01-13,1134.5511,1141.2429,1123.5675,1138.797,20618583
2023-01-16,1141.1506,1144.358,1120.06,1127.9518,13623855
2023-01-17,1134.3666,1145.904,1130.9515,1143.9658,10751000
2023-01-18,1141.5199,1149.6422,1135.4512,1142.0736,13448286
2023-01-19,1141.2429,1145.0503,1133.7435,1140.8507,11940054
2023-01-20,1142.212,1142.212,1124.7905,1127.2826,14930286
2023-01-23,1130.2131,1138.1509,1119.1371,1121.583,10954118
2023-01-24,1126.0596,1127.744,1101.7616,1114.9606,16488755
2023-01-25,1113.3453,1114.3837,1098.3696,1099.5464,12385018
2023-01-26,1099.5464,1099.5464,1099.5464,1099.5464,0
2023-01-27,1100.4003,1101.7616,1066.826,1078.6866,25830975
2023-01-30,1076.0792,1094.6315,1061.9111,1089.0243,21772103
2023-01-31,1099.2926,1101.9001,1080.3711,1086.3014,22691594
2023-02-01,1098.3466,1098.3466,1063.7571,1079.8635,19347800
2023-02-02,1069.7566,1083.6016,1066.5261,1073.8871,13662663
2023-02-03,1084.0631,1084.0631,1058.2191,1074.8331,24699575
2023-02-06,1068.3721,1071.1411,1064.1263,1066.7338,14837879
2023-02-07,1066.9877,1074.0947,1058.2191,1064.1725,15135435
2023-02-08,1067.4491,1089.0935,1064.6802,1085.4246,21160332
2023-02-09,1086.1168,1094.1469,1077.1406,1087.3167,13172763
2023-02-10,1086.786,1086.786,1071.2795,1078.3636,10790445
2023-02-13,1080.002,1084.5247,1067.703,1072.2257,10352493
2023-02-14,1075.2716,1099.2465,1072.3641,1097.4928,14321920
2023-02-15,1096.5236,1124.7675,1095.1392,1122.3445,33503591
2023-02-16,1130.4208,1137.0433,1119.1602,1121.4677,17264487
2023-02-17,1116.8296,1129.5209,1112.4915,1126.1519,11809520
2023-02-20,1128.3671,1130.5592,1112.2607,1114.2452,8836937
2023-02-21,1118.6757,1129.1978,1113.2991,1123.3368,13311592
2023-02-22,1119.5756,1121.4446,1096.0852,1097.8619,11024335
2023-02-23,1097.4467,1105.1768,1089.7627,1092.6008,9851910
2023-02-24,1094.6776,1105.8229,1092.8317,1100.0771,9434053
2023-02-27,1099.2926,1102.8231,1085.3092,1092.7623,11199715
2023-02-28,1087.3397,1092.3701,1067.7491,1071.8564,21994038
2023-03-01,1081.7556,1082.4479,1072.1794,1081.7095,11551145
2023-03-02,1078.5251,1085.2861,1071.418,1073.4717,9333535
2023-03-03,1084.1323,1104.5768,1080.625,1100.8617,14643807
2023-03-06,1107.5996,1118.9525,1107.5996,1111.6146,10171916
2023-03-07,1111.6146,1111.6146,1111.6146,1111.6146,0
2023-03-08,1111.6146,1116.3682,1100.6771,1115.6067,15782657
2023-03-09,1114.9836,1115.3989,1086.8783,1088.7935,16235128
2023-03-10,1080.6019,1081.7556,1068.3951,1071.9257,13334091
2023-03-13,1074.8331,1081.7556,1049.9121,1054.2964,12771592
2023-03-14,1052.2196,1063.734,1047.1663,1050.3506,16027522
2023-03-15,1054.1118,1060.665,1027.9447,1032.3982,21728555
2023-03-16,1035.1442,1040.2206,1016.31494,1027.2524,18363159
2023-03-17,1035.9518,1039.2745,1021.1607,1025.9603,34014213
2023-03-20,1022.22217,1024.5297,1006.06964,1015.8765,19524589
2023-03-21,1024.045,1049.4507,1023.14514,1047.4662,21400360
2023-03-22,1054.5271,1057.5038,1047.6046,1050.6505,10920094
2023-03-23,1046.6816,1047.5585,1035.1672,1037.3594,16249370
2023-03-24,1036.1825,1038.3746,1014.37665,1016.8226,12375945
2023-03-27,1023.3759,1040.2206,1015.39197,1032.6289,14054323
2023-03-28,1036.0671,1041.3744,1032.3751,1037.4517,12576424
2023-03-29,1033.2981,1035.9749,1020.4223,1031.3137,18804065
2023-03-30,1031.3137,1031.3137,1031.3137,1031.3137,0
2023-03-31,1040.6821,1081.5018,1040.5437,1075.7792,28171201
2023-04-03,1082.2172,1084.0631,1068.3721,1075.9637,10293043
2023-04-04,1075.9637,1075.9637,1075.9637,1075.9637,0
2023-04-05,1083.6016,1083.6016,1065.3955,1073.3794,16262928
2023-04-06,1069.8258,1086.3706,1069.8258,1080.5787,18435046
2023-04-07,1080.5787,1080.5787,1080.5787,1080.5787,0
2023-04-10,1084.5247,1084.7092,1071.3949,1072.9178,12961408
2023-04-11,1077.1406,1080.3711,1072.5487,1078.2251,10542367
2023-04-12,1078.2251,1092.7393,1075.3177,1082.9786,18179087
2023-04-13,1085.909,1091.8163,1080.8326,1087.0629,12378208
2023-04-14,1087.0629,1087.0629,1087.0629,1087.0629,0
2023-04-17,1119.114,1119.114,1084.0862,1092.5778,17929479
2023-04-18,1096.9851,1096.9851,1073.4486,1080.0712,10405576
2023-04-19,1079.4712,1088.1704,1076.3099,1085.4476,12273475
2023-04-20,1086.4167,1088.6781,1076.2638,1082.7017,7007330
2023-04-21,1084.8246,1089.6011,1078.2482,1084.0631,7647317
2023-04-24,1096.0621,1098.7849,1083.6016,1088.2167,12936186
2023-04-25,1091.9086,1098.6465,1084.7554,1096.5466,9236126
2023-04-26,1097.9081,1101.1848,1086.3937,1090.1088,8617834
2023-04-27,1096.0621,1100.2156,1090.9856,1097.0082,9167125
2023-04-28,1099.2926,1118.6295,1099.1772,1117.0603,15565210
2023-05-01,1117.0603,1117.0603,1117.0603,1117.0603,0
2023-05-02,1124.3059,1128.7363,1120.5677,1126.5442,12981805
2023-05-03,1128.3671,1128.3671,1113.6222,1116.8757,7061872
2023-05-04,1117.3604,1131.9899,1114.3375,1129.7516,8635233
2023-05-05,1126.5211,1135.9126,1124.2136,1126.8672,8746585
2023-05-08,1130.6746,1146.2041,1127.9749,1140.7815,9153782
2023-05-09,1142.212,1147.6578,1136.7894,1144.3119,6464721
2023-05-10,1149.1346,1153.6804,1145.0734,1152.1805,10872255
2023-05-11,1153.265,1158.1338,1142.9274,1144.6581,10557860
2023-05-12,1139.8123,1147.9347,1133.6743,1146.5271,6955341
2023-05-15,1149.0885,1155.8494,1141.3583,1148.7885,6833343
2023-05-16,1150.9806,1153.565,1130.7438,1132.4283,8717229
2023-05-17,1136.6741,1137.597,1120.9832,1125.7366,8798967
2023-05-18,1130.4669,1133.9052,1120.1293,1123.3137,10525531
2023-05-19,1123.3137,1128.8055,1116.2988,1126.9595,8050447
2023-05-22,1123.7521,1138.0586,1122.5292,1132.982,7434906
2023-05-23,1135.5896,1138.9816,1131.3438,1132.7744,6092034
2023-05-24,1128.7825,1137.1356,1123.0367,1126.1749,8112254
2023-05-25,1123.2445,1130.2131,1115.0067,1126.0365,11487863
2023-05-26,1134.3666,1157.9031,1131.0208,1156.7494,12626260
2023-05-29,1163.441,1167.5946,1157.0724,1163.2565,10010304
2023-05-30,1163.2565,1171.1482,1160.3721,1162.9565,11342504
2023-05-31,1153.7496,1158.2954,1135.7511,1139.8584,27107927
2023-06-01,1144.5889,1146.781,1134.3666,1136.7894,14592692
2023-06-02,1140.3661,1145.8348,1131.1361,1133.0743,15800644
2023-06-05,1138.6124,1146.2502,1134.5742,1143.2505,10908682
2023-06-06,1146.1118,1148.0731,1136.2126,1144.2196,7493309
2023-06-07,1147.7501,1153.7496,1141.1045,1152.8959,10312545
2023-06-08,1156.5186,1161.5259,1149.5961,1153.588,12071109
2023-06-09,1156.9801,1157.6954,1143.5966,1145.4196,5877018
2023-06-12,1142.4429,1148.7654,1137.597,1146.4348,6391969
2023-06-13,1151.4421,1164.5718,1147.4039,1163.3718,11248016
2023-06-14,1163.441,1179.1321,1161.5951,1177.6783,13277380
2023-06-15,1177.6553,1182.6165,1170.1328,1178.0015,11813494
2023-06-16,1181.5319,1191.7772,1181.5319,1189.4697,24171579
2023-06-19,1192.5156,1192.5156,1173.4326,1177.6553,6798554
2023-06-20,1175.694,1183.2855,1169.9021,1180.1012,6921096
2023-06-21,1180.055,1185.9854,1175.9016,1183.4241,6961603
2023-06-22,1179.5936,1187.5775,1168.5176,1170.1328,7619166
2023-06-23,1167.0869,1169.1637,1159.2876,1160.5568,6628570
2023-06-26,1156.9801,1160.8567,1148.5347,1151.6959,12641159
2023-06-27,1152.1575,1158.1338,1147.5886,1152.1113,9689466
2023-06-28,1159.7491,1171.2174,1152.7573,1167.3639,11354006
2023-06-29,1167.3639,1167.3639,1167.3639,1167.3639,0
2023-06-30,1175.1632,1179.8936,1169.1868,1176.94,11151555
2023-07-03,1180.5397,1210.0526,1179.2936,1207.1451,12154387
2023-07-04,1211.4371,1211.4371,1187.5544,1194.7078,8061643
2023-07-05,1204.0531,1204.0531,1188.7313,1192.7463,10248062
2023-07-06,1188.8467,1220.4132,1188.8467,1217.7827,19117987
2023-07-07,1216.0521,1229.874,1212.8215,1215.406,13375267
2023-07-10,1240.9269,1271.8936,1234.5121,1262.2251,33240016
2023-07-11,1270.4629,1278.3545,1263.402,1275.9086,20069348
2023-07-12,1276.647,1293.1226,1274.501,1277.3162,18733835
2023-07-13,1284.7694,1291.738,1263.2405,1265.894,14682934
2023-07-14,1269.1245,1274.1549,1257.6332,1264.8326,15124144
2023-07-17,1267.7401,1299.1451,1258.9716,1290.6766,22220040
2023-07-18,1300.045,1309.4827,1288.969,1301.6372,25867313
2023-07-19,1306.0446,1318.0436,1290.8151,1311.5133,39122156
2023-07-20,1290,1315.475,1290,1309.925,38717624
2023-07-21,1304.5,1307.45,1261.8,1269.375,30249238
2023-07-24,1240.5,1257.475,1234.65,1243.7,23727866
2023-07-25,1247,1252.6,1240,1242.9,12026020
2023-07-26,1242.5,1273.5,1242.5,1263.1,12911012
2023-07-27,1267.025,1268.825,1245.175,1251.35,17226898
2023-07-28,1256.025,1271.425,1250.275,1263.925,20827852
2023-07-31,1263.925,1276.95,1258.975,1274.625,8551174
2023-08-01,1277.5,1279.5,1252.65,1256.6,9536632
2023-08-02,1254.6,1256,1231.8,1243.175,12748214
2023-08-03,1237.65,1250.45,1229.025,1237.95,10168350
2023-08-04,1249.4,1258,1235.8,1254.775,22885610
2023-08-07,1260.5,1264.2,1252.5,1261.925,5982870
2023-08-08,1264,1267.225,1249.775,1254.325,9844072
2023-08-09,1252.425,1264.5,1240.55,1262.6,11486586
2023-08-10,1262.475,1275,1254.225,1268.225,15470598
2023-08-11,1266.225,1279.425,1256.175,1273.575,22179330
2023-08-14,1269.5,1291.15,1262.5,1288.625,9575812
2023-08-15,1288.625,1288.625,1288.625,1288.625,0
2023-08-16,1275.5,1291.4,1275.5,1287.575,10203112
2023-08-17,1283.55,1289.05,1266.425,1269,13673744
2023-08-18,1265.625,1288.8,1254.275,1278.4,18639978
2023-08-21,1269.975,1277.725,1257.825,1260,9221746
2023-08-22,1258.45,1268.975,1249.5,1259.7,7713044
2023-08-23,1262.1,1271.425,1258.475,1261.1,9517952
2023-08-24,1269.95,1269.95,1235.5,1239.9,14140020
2023-08-25,1228,1252.5,1221.3,1234.175,22222400
2023-08-28,1236,1242,1215.55,1221.875,12580826
2023-08-29,1226.025,1226.725,1204.075,1210.175,16876644
2023-08-30,1216,1221.5,1207.5,1209.025,12168946
2023-08-31,1211.5,1212.5,1199.95,1203.5,21638600
2023-09-01,1203.275,1212.825,1200.825,1206.325,18112842
2023-09-04,1206.325,1211.825,1202.65,1205.35,9347626
2023-09-05,1210,1216.975,1206.225,1211.8,8675876
2023-09-06,1210.55,1218.075,1208.625,1214.35,8200370
2023-09-07,1210.85,1219.125,1205.5,1216,13652572
2023-09-08,1220,1228,1211.475,1224.1,23109288
2023-09-11,1226,1238.425,1226,1237.3,13271074
2023-09-12,1241.5,1241.5,1217.975,1219.425,16255666
2023-09-13,1220,1231.325,1213.125,1225.525,12803338
2023-09-14,1230,1232.9,1222.5,1226.65,9209636
2023-09-15,1234,1234,1224.75,1228.925,25468592
2023-09-18,1220.025,1225.5,1216.025,1218.225,7516300
2023-09-19,1218.225,1218.225,1218.225,1218.225,0
2023-09-20,1211.525,1213.8,1177.5,1191.075,57081884
2023-09-21,1187.475,1195.05,1180,1182.4,12226182
2023-09-22,1188,1191.225,1175,1177.475,19176786
2023-09-25,1175.2,1180.35,1167.55,1170.225,14254884
2023-09-26,1169.275,1175.1,1167.8,1171.25,10087782
2023-09-27,1171.75,1185.9,1169.25,1184.45,11722778
2023-09-28,1191.5,1191.5,1162.5,1167.05,14518346
2023-09-29,1170.9,1184.55,1167.05,1172.5,12342014
2023-10-02,1172.5,1172.5,1172.5,1172.5,0
2023-10-03,1164.975,1167.8,1158,1159.075,8859056
2023-10-04,1154.5,1159.5,1147.55,1157.075,10286386
2023-10-05,1159.625,1164.7,1154.5,1157.05,10953682
2023-10-06,1158.525,1162.4,1156.025,1159,5431026
2023-10-09,1154.05,1155.975,1147.5,1149.125,7576878
2023-10-10,1153.275,1158.95,1151.875,1154.2,10236032
2023-10-11,1157.225,1174.85,1156.5,1172.525,9814118
2023-10-12,1171.925,1179.675,1169.075,1174.7,12554450
2023-10-13,1170,1178.75,1164.575,1174.65,10150316
2023-10-16,1172.5,1177.275,1168,1172.025,5929036
2023-10-17,1178,1179.85,1170.65,1177.625,7928180
2023-10-18,1177.625,1183.5,1160.5,1162,8918320
2023-10-19,1156,1160.9,1150.5,1153.075,12032556
2023-10-20,1150,1157.35,1148.15,1149.55,8913312
2023-10-23,1145,1153.125,1127.625,1131.6,7853962
2023-10-24,1131.6,1131.6,1131.6,1131.6,0
2023-10-25,1125.025,1140.6,1121.5,1128.975,11620688
2023-10-26,1125.5,1129,1110.15,1113.25,15222534
2023-10-27,1120,1136.75,1117.975,1132.9,11771084
2023-10-30,1137,1162.5,1134.975,1156.25,16813304
2023-10-31,1164,1164,1141.45,1143.95,12808438
2023-11-01,1144.575,1158.75,1137.6,1148.7,10309190
2023-11-02,1156.975,1162.15,1153.975,1160.1,10562104
2023-11-03,1163.6,1167.475,1157.875,1159.85,8850156
2023-11-06,1166.15,1170,1162.8,1169.5,10647304
2023-11-07,1167.025,1169.55,1159.775,1161.9,6960204
2023-11-08,1166,1170.5,1160.875,1167.95,7884494
2023-11-09,1167.925,1167.95,1152.1,1155.275,14513610
2023-11-10,1152.775,1158.175,1149.025,1157.45,7734954
2023-11-13,1161.45,1162.3,1155.85,1157.3,3854810
2023-11-14,1157.3,1157.3,1157.3,1157.3,0
2023-11-15,1170,1180.975,1163.5,1178.225,12220648
2023-11-16,1175.55,1187.075,1173.475,1180.35,13134910
2023-11-17,1176.45,1186.625,1176.025,1177.775,7758634
2023-11-20,1174.275,1179.2,1168.2,1174.675,4490186
2023-11-21,1183,1194,1180.1,1189.45,8214450
2023-11-22,1187.5,1197.225,1186.1,1194.1,8534814
2023-11-23,1194.1,1200,1194.1,1197.75,8531542
2023-11-24,1195.8,1201.3,1195.525,1196.95,6749486
2023-11-27,1196.95,1196.95,1196.95,1196.95,0
2023-11-28,1196.95,1199.85,1187.625,1197.2,13792174
2023-11-29,1204,1205.975,1199.025,1200.35,12531306
2023-11-30,1197.35,1200.35,1184.95,1188.725,28439984
2023-12-01,1189,1198.2,1188.8,1197.15,14342842
2023-12-04,1225,1225,1199.3,1210.1,15590990
2023-12-05,1219.5,1220.425,1210.825,1218.875,12693624
2023-12-06,1223.55,1236.475,1217.5,1230.55,16422442
2023-12-07,1230,1230.475,1221,1228.525,8142096
2023-12-08,1231.925,1238.35,1222.5,1227.875,10204894
2023-12-11,1228,1233.8,1226.2,1229.675,7066138
2023-12-12,1230,1232.475,1210.075,1212.025,9197124
2023-12-13,1211,1219.175,1203.15,1216.975,10031182
2023-12-14,1227,1237.475,1221.325,1232.075,16972354
2023-12-15,1239,1250,1235.025,1247.8,15932152
2023-12-18,1247.8,1267.45,1245.475,1260.5,14165188
2023-12-19,1277.5,1286.95,1262.6,1279.05,16820604
2023-12-20,1285.525,1299.425,1260,1263.575,17736722
2023-12-21,1263.5,1286.75,1259.125,1281.275,13765454
2023-12-22,1279.8,1290.45,1273.825,1282.525,16541784
2023-12-25,1282.525,1282.525,1282.525,1282.525,0
2023-12-26,1284,1295.975,1281.35,1289.025,7465664
2023-12-27,1291,1299.95,1286.55,1293.425,9204156
2023-12-28,1294.9,1306,1293.425,1302.775,12302636
2023-12-29,1305.55,1307,1289.65,1292.475,10864584
2024-01-01,1290.275,1303.425,1286.575,1295.125,4030540
2024-01-02,1292.5,1307.5,1286.5,1305.85,7448800
2024-01-03,1305,1317,1288.6,1291.65,9037536
2024-01-04,1294,1304.925,1289.55,1298.325,9612778
2024-01-05,1301.45,1309.925,1299,1303.85,8086406
2024-01-08,1305,1315.975,1284.475,1293.675,7734652
2024-01-09,1300,1303.4,1288.6,1290.25,5403074
2024-01-10,1288.5,1329.5,1287.525,1325.05,11102740
2024-01-11,1329.5,1362.5,1328.5,1359.9,23725852
2024-01-12,1359.9,1373.325,1345.75,1370.725,15012164
2024-01-15,1375,1396.45,1366,1394.125,8610594
2024-01-16,1389.975,1396.3,1370.5,1374.625,9069024
2024-01-17,1359.5,1386.275,1355.025,1361.575,12197382
2024-01-18,1351.4,1371,1351.25,1367.95,10279438
2024-01-19,1376,1376,1359,1367.45,10422704
2024-01-22,1367.45,1367.45,1367.45,1367.45,0
2024-01-23,1371.75,1371.75,1322.55,1328.575,20055420
2024-01-24,1335.225,1349.5,1323.925,1343.875,21919128
2024-01-25,1342.95,1364.15,1335.2,1353.075,11808872
2024-01-26,1353.075,1353.075,1353.075,1353.075,0
2024-01-29,1364.5,1452.5,1360.175,1448.05,23893438
2024-01-30,1459.95,1459.975,1404.425,1407.625,14093978
2024-01-31,1404,1434.25,1402.5,1426.625,15130226
2024-02-01,1435,1443.35,1418.05,1426.65,13349362
2024-02-02,1433.175,1474.9,1433.175,1457.7,19652588
2024-02-05,1460.75,1470.5,1431.525,1439.025,8814432
2024-02-06,1441.85,1441.85,1419.825,1427.8,9047984
2024-02-07,1435.925,1449.5,1429.25,1442.15,9296568
2024-02-08,1450,1459.475,1427.525,1450.125,14694634
2024-02-09,1454,1471.975,1450.95,1460.75,12556798
2024-02-12,1460.75,1461,1442.35,1452.35,6674430
2024-02-13,1455.5,1479,1454,1465.1,7715594
2024-02-14,1457.5,1483.65,1457.5,1481.375,7117888
2024-02-15,1483.35,1484.725,1466.525,1470.6,10006782
2024-02-16,1476.475,1477,1458.55,1460.575,9767498
2024-02-19,1462.05,1479.5,1453.525,1474,6729828
2024-02-20,1475.025,1475.5,1461.8,1471.025,7117496
2024-02-21,1474,1488.525,1457.55,1467.7,12720292
2024-02-22,1468.15,1484.95,1458,1481.75,18493728
2024-02-23,1489.5,1497.55,1483.35,1493.625,14438584
2024-02-26,1493.55,1494.525,1482.5,1487.325,7513106
2024-02-27,1483.025,1499.95,1478.05,1485.65,10826044
2024-02-28,1483,1491.275,1450.175,1455.625,8647950
2024-02-29,1465,1478.975,1454.525,1460.8,23628976
2024-03-01,1463.5,1500,1462.5,1492.125,12132926
2024-03-04,1490.475,1512.45,1487.225,1507.4,10024420
2024-03-05,1505.775,1507.4,1486.05,1500.2,7107668
2024-03-06,1493.45,1509,1478.5,1503,7805676
2024-03-07,1502.975,1503.1,1475.55,1478.925,8315726
2024-03-08,1478.925,1478.925,1478.925,1478.925,0
2024-03-11,1489,1489,1463.5,1466.6,11277130
2024-03-12,1466.6,1488,1465.025,1475.425,9432678
2024-03-13,1479.775,1483.1,1427.775,1432.175,13522134
2024-03-14,1439.7,1448.525,1425.5,1431.475,18571102
2024-03-15,1425.95,1433.225,1412.9,1418.225,19223818
2024-03-18,1420,1441.725,1416.525,1439.475,9169392
2024-03-19,1428.75,1437.6,1417.25,1425.25,8275764
2024-03-20,1427.95,1445,1424.025,1443.75,8488806
2024-03-21,1452.525,1457.9,1444.675,1450.975,13006936
2024-03-22,1449.975,1460,1447.35,1455.025,19527608
2024-03-25,1455.025,1455.025,1455.025,1455.025,0
2024-03-26,1445,1452.4,1439,1441.575,11415906
2024-03-27,1448,1500,1447,1492.85,16326644
2024-03-28,1492.875,1505.95,1478.65,1485.85,21854364
2024-03-29,1485.85,1485.85,1485.85,1485.85,0
2024-04-01,1492.475,1493.975,1482.5,1484.775,5013880
2024-04-02,1484,1494,1475,1486.95,8910166
2024-04-03,1482.075,1484.45,1468.9,1471.6,7008292
2024-04-04,1479.75,1479.75,1450,1462.925,14490272
2024-04-05,1460.875,1470.8,1456,1460.1,7442298
2024-04-08,1462.975,1490.975,1461,1485.975,8357118
2024-04-09,1489,1489.8,1462.5,1463.65,7071414
2024-04-10,1466.35,1487,1466.35,1479.575,9138330
2024-04-11,1479.575,1479.575,1479.575,1479.575,0
2024-04-12,1475.875,1486.475,1463.075,1467.15,15551012
2024-04-15,1461,1482.125,1446.325,1464.825,12902062
2024-04-16,1453.35,1471.175,1450.925,1465.75,9366184
2024-04-17,1465.75,1465.75,1465.75,1465.75,0
2024-04-18,1463.5,1486,1459.35,1464.325,19005692
2024-04-19,1456.775,1474,1443.025,1470.125,15741778
2024-04-22,1472.45,1482.825,1467.8,1479.85,10350362
2024-04-23,1479,1493.5,1455.55,1459.325,14605554
2024-04-24,1463.5,1468.55,1449.5,1450.175,10462776
2024-04-25,1442.5,1467.975,1441.5,1459.975,15943926
2024-04-26,1463.95,1465,1450,1452.55,9413848
2024-04-29,1450,1467.9,1450,1465.025,7247974
2024-04-30,1468,1483.075,1462.875,1467,11474262
2024-05-01,1467,1467,1467,1467,0
2024-05-02,1472,1477.325,1464.125,1466.55,14512646
2024-05-03,1471,1474.95,1416.15,1434,17226958
2024-05-06,1435.5,1440,1418,1419.525,7394208
2024-05-07,1415.975,1420.75,1392,1401.475,14517472
2024-05-08,1397.5,1432.95,1397.5,1418.55,9439002
2024-05-09,1413,1423.75,1390,1394.125,11009612
2024-05-10,1396.75,1410,1388.075,1407.425,10505096
2024-05-13,1399.9,1406.975,1384,1402.7,8456620
2024-05-14,1400.975,1427.075,1400.025,1420.075,7188300
2024-05-15,1420.5,1429.975,1413.025,1416.275,5046534
2024-05-16,1418.55,1427.5,1398.025,1425.35,14711774
2024-05-17,1423.05,1437.2,1413.25,1435.7,10916476
2024-05-18,1437.5,1439.5,1432.7,1434.825,426040
2024-05-20,1435.7,1435.7,1435.7,1435.7,0
2024-05-21,1425.6,1441.825,1425.6,1436.125,11176128
2024-05-22,1436.275,1468.775,1436.275,1460.65,10281604
2024-05-23,1458.55,1492.225,1455,1486.05,14608260
2024-05-24,1483.625,1488.5,1476.1,1480.25,7094776
2024-05-27,1480.225,1484.9,1461.55,1466.25,6629010
2024-05-28,1468,1478.5,1452.75,1456.2,7820162
2024-05-29,1446.5,1458,1438.45,1440.775,7383556
2024-05-30,1435.5,1440.4,1420.1,1424.85,13206858
2024-05-31,1431.3,1442.25,1422.25,1430.4,31069832
2024-06-03,1483,1514.5,1459,1510.325,21527942
2024-06-04,1498.05,1498.05,1359.3,1397.275,36709098
2024-06-05,1422,1431.15,1384.1,1420.75,17464890
2024-06-06,1435,1443.7,1421.35,1431.6,17855722
2024-06-07,1428.5,1472,1426.5,1469.95,18558696
2024-06-10,1469.95,1493.35,1468.075,1471.4,9251760
2024-06-11,1469,1473.675,1454.675,1456.675,11774902
2024-06-12,1457.5,1476,1455.175,1463.325,10081742
2024-06-13,1472,1472.25,1460.1,1465.25,9181160
2024-06-14,1470,1479.675,1457.225,1477.55,8157998
2024-06-17,1477.55,1477.55,1477.55,1477.55,0
2024-06-18,1487.35,1487.4,1471.35,1481.025,7196766
2024-06-19,1487.5,1487.5,1456,1458.65,8725874
2024-06-20,1459,1482.85,1450.1,1473.7,16113776
2024-06-21,1473.625,1474.7,1440.575,1454.2,31170360
2024-06-24,1445.525,1449.5,1437.5,1441.475,8878386
2024-06-25,1443,1455.925,1441,1454.15,7045386
2024-06-26,1446.05,1518.975,1445.125,1514.025,22014882
2024-06-27,1513.75,1537.5,1506,1530.55,28383030
2024-06-28,1531.025,1581,1531.025,1565.4,28957336
2024-07-01,1562.525,1579.4,1555.675,1560.15,7724306
2024-07-02,1569.5,1573.5,1557,1565.175,7749246
2024-07-03,1566.325,1575,1542.775,1552.425,9049620
2024-07-04,1557,1567.5,1550.8,1554.025,6837176
2024-07-05,1553.825,1598.5,1548,1588.625,12269710
2024-07-08,1589,1608.8,1582.525,1600.9,9500806
2024-07-09,1597.6,1600.5,1580.5,1590.275,6960002
2024-07-10,1595,1597.5,1563.15,1584.225,7134578
2024-07-11,1587.5,1604.25,1570.5,1580.65,11940946
2024-07-12,1584.5,1605.15,1574.5,1596.725,12924784
2024-07-15,1604.45,1605.85,1585.5,1597.225,5329688
2024-07-16,1593.5,1600,1569.125,1576.25,9386838
2024-07-17,1576.25,1576.25,1576.25,1576.25,0
2024-07-18,1576,1593.9,1557.825,1586.675,12298374
2024-07-19,1586,1589.975,1552.8,1555.15,13140390
2024-07-22,1537.25,1537.5,1499.275,1500.675,19674376
2024-07-23,1501,1505.75,1463,1487.9,18052044
2024-07-24,1485,1509.5,1476.4,1495.7,11913362
2024-07-25,1481,1500.475,1477.075,1492.4,12519876
2024-07-26,1492.4,1512.425,1490.35,1509.025,9859940
2024-07-29,1511.95,1527.5,1511.775,1520.1,7538550
2024-07-30,1517.025,1525,1510,1513.15,8228208
2024-07-31,1504,1510.45,1501.15,1505.425,10057346
2024-08-01,1512,1518,1504.3,1515.3,10764222
2024-08-02,1505,1509.325,1493.275,1499.325,10268248
2024-08-05,1480,1483.9,1433.25,1447.325,17046704
2024-08-06,1455.15,1477.5,1451.325,1456.05,10236186
2024-08-07,1469,1472.5,1461.5,1464.825,8174568
2024-08-08,1457.525,1465,1445.925,1449.125,12387192
2024-08-09,1460,1476.5,1456,1474.3,6249776
2024-08-12,1470,1473,1457.75,1460.625,8184584
2024-08-13,1460.75,1470.075,1458,1463.625,6265064
2024-08-14,1463.55,1472,1453.7,1461.85,6267466
2024-08-15,1461.85,1461.85,1461.85,1461.85,0
2024-08-16,1468.65,1480.4,1458.05,1478.2,9416902
2024-08-19,1482.5,1498.3,1480.5,1488.4,13797742
2024-08-20,1497.225,1503.925,1490.025,1495.95,8411808
2024-08-21,1493.25,1507.875,1490,1498.675,7769996
2024-08-22,1503,1506.5,1490.65,1498.125,10445782
2024-08-23,1503.75,1511.325,1498.425,1499.975,9249654
2024-08-26,1506.975,1523,1503,1512.6,8816114
2024-08-27,1510.5,1513.475,1499.45,1500.45,6251156
2024-08-28,1505,1507.475,1493,1498.3,9610286
2024-08-29,1503.1,1537,1494,1520.925,38335358
2024-08-30,1534,1539.725,1503.325,1509.625,41620730
2024-09-02,1510.875,1526.8,1506.625,1516.25,11240852
2024-09-03,1521.25,1523,1507.5,1509.125,10923800
2024-09-04,1500.7,1517.5,1499.5,1514.55,11983304
2024-09-05,1519.05,1525.775,1487.05,1492.975,16264168
2024-09-06,1492.5,1497,1461.625,1464.825,19394228
2024-09-09,1466.5,1469.925,1455.6,1462.45,9010298
2024-09-10,1460.5,1472.05,1457.575,1461.525,10768260
2024-09-11,1463.05,1468.75,1447.55,1451.5,9760202
2024-09-12,1457,1486,1445.875,1479.8,22349376
2024-09-13,1476.4,1483.15,1469.5,1472.625,8711328
2024-09-16,1477.55,1480.9,1464.75,1471.35,5481774
2024-09-17,1474,1477.475,1466.625,1472.3,5935328
2024-09-18,1470,1482,1460.55,1463.45,8574714
2024-09-19,1466.25,1476.5,1455.55,1469.675,16955902
2024-09-20,1474,1495,1471.375,1485.925,30897320
2024-09-23,1491,1501.5,1488.95,1493.375,8832314
2024-09-24,1488.5,1500.5,1487.875,1489.375,17137444
2024-09-25,1483.9,1496.5,1480.2,1493.95,7069002
2024-09-26,1490.65,1504,1488.05,1497.95,18818998
2024-09-27,1499,1533.475,1492,1526.175,20597478
2024-09-30,1519.4,1524.975,1474.4,1476.575,27008814
2024-10-01,1480.65,1487.95,1462.825,1464.825,16431642
2024-10-02,1464.825,1464.825,1464.825,1464.825,0
2024-10-03,1436.575,1449.4,1402.075,1406.975,37757294
2024-10-04,1403.925,1417.35,1381.775,1386.525,37072876
2024-10-07,1393.5,1396.5,1361.375,1370.725,22181340
2024-10-08,1372.975,1401,1365.1,1397.35,17020808
2024-10-09,1397.525,1400.975,1372.5,1374.6,14310610
2024-10-10,1380.025,1386,1369.425,1371.05,22358646
2024-10-11,1370,1383.275,1368.825,1372.1,7980122
2024-10-14,1379.45,1380.075,1368.25,1372.525,12221432
2024-10-15,1358.525,1371.7,1340.7,1344.025,33762794
2024-10-16,1340,1364,1337.625,1354.075,20034438
2024-10-17,1365.7,1368.45,1352.05,1356.425,15543660
2024-10-18,1352.175,1368.425,1341.325,1359.3,12082452
2024-10-21,1367.125,1374,1357.725,1369.2,14067408
2024-10-22,1369.2,1376,1340.225,1343.35,15831960
2024-10-23,1337.5,1357.475,1335,1338.525,17214742
2024-10-24,1335.275,1343.7,1323.125,1339.8,22155934
2024-10-25,1343.5,1344.35,1322,1327.85,18597496
2024-10-28,1337,1353,1322.1,1334.35,10824350
2024-10-29,1328.1,1343.2,1320.3,1340,12008361
2024-10-30,1335,1350,1325.35,1343.9,11984423
2024-10-31,1340,1343,1326.15,1332.05,9331650
2024-11-01,1333.05,1341.95,1333,1338.65,2127335
2024-11-04,1337.85,1340,1285.1,1302.15,19796890
2024-11-05,1293,1309.55,1286.15,1305.3,16267479
2024-11-06,1310,1328.3,1300.2,1325.35,21625209
2024-11-07,1324,1324,1302.6,1305.65,9611974
2024-11-08,1297.65,1301.65,1275,1283.75,19814406
2024-11-11,1278.95,1286,1267,1272.7,9056552
2024-11-12,1275.55,1289.3,1267.5,1274.25,10671091
2024-11-13,1270.25,1275.45,1249.5,1252.05,14633633
2024-11-14,1253.6,1272.6,1251.1,1267.6,12612633
2024-11-15,1267.6,1267.6,1267.6,1267.6,0
2024-11-18,1267.6,1272.9,1243.9,1260.75,13620611
2024-11-19,1260.75,1281.5,1235.15,1241.65,14183746
2024-11-20,1241.65,1241.65,1241.65,1241.65,0
2024-11-21,1241.65,1243.95,1217.25,1223,19433843
2024-11-22,1229.4,1268.85,1222.45,1265.4,20471957
2024-11-25,1290,1304.45,1282.45,1287,28923341
2024-11-26,1294.95,1297.85,1284.2,1295.7,9247557
2024-11-27,1293.5,1303.85,1286,1293.2,9572746
2024-11-28,1289.95,1296.6,1269.05,1270.8,15027412
2024-11-29,1280,1299.5,1275.25,1292.2,13202307
2024-12-02,1288,1311.35,1277.05,1309.15,11024152
2024-12-03,1317,1326.8,1307,1323.3,16869482
2024-12-04,1326,1328.4,1304.05,1308.95,19608540
2024-12-05,1314.35,1329.95,1306.15,1322.05,16858723
2024-12-06,1323.9,1323.9,1310,1311.55,9037514
2024-12-09,1303,1315,1293.1,1295.15,14650002
2024-12-10,1289.25,1294.9,1280.2,1284.85,16043729
2024-12-11,1285,1290,1276.05,1278.2,11724373
2024-12-12,1270,1278.2,1260.6,1262.9,20906813
2024-12-13,1260,1275.2,1239.6,1272.85,28630222
2024-12-16,1275,1281,1266.55,1268.3,9486781
2024-12-17,1261.05,1263.9,1242.8,1245.3,17462791
2024-12-18,1240.65,1259.95,1240.65,1253.25,12670179
2024-12-19,1239,1244.9,1229,1230.45,14244653
2024-12-20,1224,1239.5,1201.5,1205.3,20312896
2024-12-23,1215,1227.2,1213.2,1222.3,10052824
2024-12-24,1222.3,1233.55,1221,1222.75,6734917
2024-12-25,1222.75,1222.75,1222.75,1222.75,0
2024-12-26,1224.25,1227.7,1214.25,1216.55,10016178
2024-12-27,1218.3,1227.9,1217,1221.05,7000397
2024-12-30,1216.4,1223.2,1208.1,1210.7,8818766
2024-12-31,1208,1219.1,1206.15,1215.45,6405475
